Offset;Normal Form;Pitch-classes;Scale degrees;Highest pitch;Lowest pitch;Slice_Number;Measure;Chord;Segment_Number;Quality
0;[0, 5];[8, 1];[7, 0];44;37;0;1; C#2 G#2;1;Dt
0,5;[0, 2, 4, 7];[6, 8, 10, 1];[5, 7, 9, 0];61;37;1;1; F#3 B-3 C#4 C#2 G#2;1;Dt
1;[0, 1, 5, 8];[0, 1, 5, 8];[11, 0, 4, 7];68;37;2;1; C4 F4 G#4 C#2 G#2;1;Dt
1,5;[0, 2, 5, 7];[8, 10, 1, 3];[7, 9, 0, 2];63;37;3;1; B-3 C#4 E-4 C#2 G#2;1;Dt
2;[0, 5];[8, 1];[7, 0];68;37;4;1; G#4 C#2 G#2;1;Dt
2,5;[0, 2, 4, 7];[6, 8, 10, 1];[5, 7, 9, 0];73;37;5;1; F#4 B-4 C#5 C#2 G#2 G#4;1;Dt
3;[0, 1, 5, 8];[0, 1, 5, 8];[11, 0, 4, 7];80;37;6;1; C5 F5 G#5 C#2 G#2 G#4;1;Dt
3,5;[0, 2, 5, 7];[8, 10, 1, 3];[7, 9, 0, 2];75;37;7;1; B-4 C#5 E-5 C#2 G#2 G#4;1;Dt
4;[0, 1, 5, 8];[5, 6, 10, 1];[4, 5, 9, 0];85;65;8;2; F#5 B-5 C#6 F4;1;Dt
4,5;[0, 3, 7];[5, 8, 0];[4, 7, 11];92;65;9;2; C6 F6 G#6 F4;1;Dt
5;[0, 3, 5, 7];[10, 1, 3, 5];[9, 0, 2, 4];87;65;10;2; B-5 C#6 E-6 F4;1;Dt
5,5;[0, 3, 7];[5, 8, 0];[4, 7, 11];80;65;11;2; C5 F5 G#5 F4;1;Dt
6;[0, 3, 5];[10, 1, 3];[9, 0, 2];75;63;12;2; B-4 C#5 E-5 E-4;1;Dt
6,5;[0, 3, 5, 8];[0, 3, 5, 8];[11, 2, 4, 7];68;60;13;2; C4 F4 G#4 E-4;1;Dt
7;[0, 3, 5];[10, 1, 3];[9, 0, 2];63;58;14;2; B-3 C#4 E-4;1;Dt
7,5;[0, 3, 5];[3, 6, 8];[2, 5, 7];63;44;15;2; F#3 G#2 E-4;1;Dt
8;[0, 5];[8, 1];[7, 0];44;37;16;3; C#2 G#2;1;Dt
8,5;[0, 2, 4, 7];[1, 3, 5, 8];[0, 2, 4, 7];63;37;17;3; F3 G#3 E-4 C#2 G#2;1;Dt
9;[0, 3, 5, 8];[5, 8, 10, 1];[4, 7, 9, 0];70;37;18;3; C#4 F4 B-4 C#2 G#2;1;Dt
9,5;[0, 1, 3, 5, 8];[0, 1, 3, 5, 8];[11, 0, 2, 4, 7];65;37;19;3; C4 E-4 F4 C#2 G#2;1;Dt
10;[0, 3, 5, 8];[5, 8, 10, 1];[4, 7, 9, 0];65;37;20;3; B-3 C#4 F4 C#2 G#2;1;Dt
10,5;[0, 2, 4, 7];[1, 3, 5, 8];[0, 2, 4, 7];75;37;21;3; F4 G#4 E-5 C#2 G#2;1;Dt
11;[0, 3, 5, 8];[5, 8, 10, 1];[4, 7, 9, 0];82;37;22;3; C#5 F5 B-5 C#2 G#2;1;Dt
11,5;[0, 1, 3, 5, 8];[0, 1, 3, 5, 8];[11, 0, 2, 4, 7];77;37;23;3; C5 E-5 F5 C#2 G#2;1;Dt
12;[0, 3, 7];[10, 1, 5];[9, 0, 4];77;70;24;4; B-4 C#5 F5;1;Dt
12,5;[0, 2, 4, 7, 9];[1, 3, 5, 8, 10];[0, 2, 4, 7, 9];87;70;25;4; F5 G#5 E-6 B-4 C#5;2;Dt
13;[0, 3, 7];[10, 1, 5];[9, 0, 4];94;70;26;4; C#6 F6 B-6 B-4 C#5 F5;2;Dt
13,5;[0, 2, 3, 5, 7];[10, 0, 1, 3, 5];[9, 11, 0, 2, 4];89;70;27;4; C6 E-6 F6 B-4 C#5 F5;2;Dt
14;[0, 3, 7];[10, 1, 5];[9, 0, 4];89;70;28;4; B-5 C#6 F6 B-4 C#5 F5;2;Dt
14,5;[0, 3, 7];[10, 1, 5];[9, 0, 4];85;70;29;4; F5 B-5 C#6 B-4 C#5;2;Dt
15;[0, 3, 7];[10, 1, 5];[9, 0, 4];82;73;30;4; C#5 F5 B-5;2;Dt
15,5;[0, 3, 7];[10, 1, 5];[9, 0, 4];77;70;31;4; B-4 C#5 F5;2;Dt
16;[0];[8];[7];44;44;32;5; G#2;2;Dt
16,5;[0, 2, 4, 7];[6, 8, 10, 1];[5, 7, 9, 0];61;44;33;5; F#3 B-3 C#4 G#2;2;Dt
17;[0, 1, 5, 8];[0, 1, 5, 8];[11, 0, 4, 7];68;37;34;5; C4 F4 G#4 C#2 G#2;2;Dt
17,5;[0, 2, 5, 7];[8, 10, 1, 3];[7, 9, 0, 2];63;37;35;5; B-3 C#4 E-4 G#2 C#2;2;Dt
18;[0, 5];[8, 1];[7, 0];68;37;36;5; G#4 C#2;2;Dt
18,5;[0, 2, 4, 7];[6, 8, 10, 1];[5, 7, 9, 0];73;37;37;5; F#4 B-4 C#5 G#4 C#2;2;Dt
19;[0, 1, 5, 8];[0, 1, 5, 8];[11, 0, 4, 7];80;37;38;5; C5 F5 G#5 G#4 C#2;2;Dt
19,5;[0, 2, 5, 7];[8, 10, 1, 3];[7, 9, 0, 2];75;37;39;5; B-4 C#5 E-5 G#4 C#2;2;Dt
20;[0, 1, 5, 8];[5, 6, 10, 1];[4, 5, 9, 0];85;65;40;6; F#5 B-5 C#6 F4;2;Dt
20,5;[0, 3, 7];[5, 8, 0];[4, 7, 11];92;65;41;6; C6 F6 G#6 F4;2;Dt
21;[0, 3, 5, 7];[10, 1, 3, 5];[9, 0, 2, 4];87;65;42;6; B-5 C#6 E-6 F4;2;Dt
21,5;[0, 3, 7];[5, 8, 0];[4, 7, 11];80;65;43;6; C5 F5 G#5 F4;2;Dt
22;[0, 3, 5];[10, 1, 3];[9, 0, 2];75;63;44;6; B-4 C#5 E-5 E-4;2;Dt
22,5;[0, 3, 5, 8];[0, 3, 5, 8];[11, 2, 4, 7];68;60;45;6; C4 F4 G#4 E-4;2;Dt
23;[0, 3, 5];[10, 1, 3];[9, 0, 2];63;58;46;6; B-3 C#4 E-4;2;Dt
23,5;[0, 3, 5];[3, 6, 8];[2, 5, 7];63;44;47;6; F#3 G#2 E-4;2;Dt
24;[0, 5];[8, 1];[7, 0];44;37;48;7; C#2 G#2;2;Dt
24,5;[0, 2, 4, 7];[1, 3, 5, 8];[0, 2, 4, 7];63;37;49;7; F3 G#3 E-4 C#2 G#2;2;Dt
25;[0, 3, 5, 8];[5, 8, 10, 1];[4, 7, 9, 0];70;37;50;7; C#4 F4 B-4 C#2 G#2;2;Dt
25,5;[0, 1, 3, 5, 8];[0, 1, 3, 5, 8];[11, 0, 2, 4, 7];65;37;51;7; C4 E-4 F4 C#2 G#2;2;Dt
26;[0, 3, 5, 8];[5, 8, 10, 1];[4, 7, 9, 0];65;37;52;7; B-3 C#4 F4 C#2 G#2;2;Dt
26,5;[0, 2, 4, 7];[1, 3, 5, 8];[0, 2, 4, 7];75;37;53;7; F4 G#4 E-5 C#2 G#2;2;Dt
27;[0, 3, 5, 8];[5, 8, 10, 1];[4, 7, 9, 0];82;37;54;7; C#5 F5 B-5 C#2 G#2;2;Dt
27,5;[0, 1, 3, 5, 8];[0, 1, 3, 5, 8];[11, 0, 2, 4, 7];77;37;55;7; C5 E-5 F5 C#2 G#2;2;Dt
28;[0, 3, 7];[10, 1, 5];[9, 0, 4];77;70;56;8; B-4 C#5 F5;2;Dt
28,5;[0, 2, 4, 7, 9];[1, 3, 5, 8, 10];[0, 2, 4, 7, 9];87;70;57;8; F5 G#5 E-6 B-4 C#5;2;Dt
29;[0, 3, 7];[10, 1, 5];[9, 0, 4];94;70;58;8; C#6 F6 B-6 B-4 C#5 F5;2;Dt
29,5;[0, 2, 3, 5, 7];[10, 0, 1, 3, 5];[9, 11, 0, 2, 4];89;70;59;8; C6 E-6 F6 B-4 C#5 F5;2;Dt
30;[0, 3, 7];[10, 1, 5];[9, 0, 4];89;70;60;8; B-5 C#6 F6 B-4 C#5 F5;2;Dt
30,5;[0, 3, 7];[10, 1, 5];[9, 0, 4];85;70;61;8; F5 B-5 C#6 B-4 C#5;2;Dt
31;[0, 3, 7];[10, 1, 5];[9, 0, 4];82;73;62;8; C#5 F5 B-5;2;Dt
31,5;[0, 3, 7];[10, 1, 5];[9, 0, 4];77;70;63;8; B-4 C#5 F5;2;Dt
32,5;[0, 1, 3, 7];[5, 6, 8, 0];[4, 5, 7, 11];65;32;64;9; F#3 C4 F4 G#1 G#2;2;Dt
33;[0, 2, 6, 8];[1, 3, 7, 9];[0, 2, 6, 8];63;33;65;9; G3 C#4 E-4 A1 A2;2;Dt
33,5;[0, 2, 6];[8, 10, 2];[7, 9, 1];70;34;66;9; G#3 D4 B-4 B-1 B-2;2;Dt
34;[0, 1, 3, 7];[8, 9, 11, 3];[7, 8, 10, 2];68;35;67;9; A3 E-4 G#4 B1 B2;2;Dt
34,5;[0, 1, 3, 7];[8, 9, 11, 3];[7, 8, 10, 2];92;35;68;9; G#6 A3 E-4 G#4 B1 B2;2;Dt
35;[0, 1, 3, 7];[8, 9, 11, 3];[7, 8, 10, 2];87;35;69;9; E-6 A3 E-4 G#4 B1 B2;2;Dt
35,5;[0, 1, 3, 7];[8, 9, 11, 3];[7, 8, 10, 2];80;35;70;9; G#5 A3 E-4 G#4 B1 B2;2;Dt
36;[0, 1, 3, 7];[8, 9, 11, 3];[7, 8, 10, 2];75;35;71;10; E-5 A3 E-4 G#4 B1 B2;2;Dt
36,5;[0, 1, 3, 7];[5, 6, 8, 0];[4, 5, 7, 11];65;32;72;10; F#3 C4 F4 G#1 G#2;2;Dt
37;[0, 2, 6, 8];[1, 3, 7, 9];[0, 2, 6, 8];63;33;73;10; G3 C#4 E-4 A1 A2;2;Dt
37,5;[0, 2, 6];[8, 10, 2];[7, 9, 1];70;34;74;10; G#3 D4 B-4 B-1 B-2;2;Dt
38;[0, 1, 3, 7];[8, 9, 11, 3];[7, 8, 10, 2];68;35;75;10; A3 E-4 G#4 B1 B2;2;Dt
38,5;[0, 2, 6];[10, 0, 4];[9, 11, 3];72;36;76;10; B-3 E4 C5 C2 C3;2;Dt
39;[0, 1, 3, 7];[10, 11, 1, 5];[9, 10, 0, 4];70;37;77;10; B3 F4 B-4 C#2 C#3;2;Dt
39,5;[0, 1, 3, 7];[10, 11, 1, 5];[9, 10, 0, 4];94;37;78;10; B-6 B3 F4 B-4 C#2 C#3;2;Dt
40;[0, 1, 3, 7];[10, 11, 1, 5];[9, 10, 0, 4];89;37;79;11; F6 B3 F4 B-4 C#2 C#3;2;Dt
40,5;[0, 1, 3, 7];[10, 11, 1, 5];[9, 10, 0, 4];82;37;80;11; B-5 B3 F4 B-4 C#2 C#3;2;Dt
41;[0, 1, 3, 7];[10, 11, 1, 5];[9, 10, 0, 4];77;37;81;11; F5 B3 F4 B-4 C#2 C#3;2;Dt
41,5;[0, 1, 3, 7];[10, 11, 1, 5];[9, 10, 0, 4];70;37;82;11; B-4 B3 F4 C#2 C#3;2;Dt
42;[0, 2, 6];[11, 1, 5];[10, 0, 4];65;37;83;11; F4 B3 C#2 C#3;2;Dt
42,5;[0, 3, 5, 8];[10, 1, 3, 6];[9, 0, 2, 5];63;42;84;11; B-3 C#4 E-4 F#2 C#3;2;Dt
43;[0, 1, 3, 5, 7];[5, 6, 8, 10, 0];[4, 5, 7, 9, 11];70;44;85;12; F4 B-4 C4 G#2 F#3;2;Dt
43,5;[0, 1, 3, 5, 7];[5, 6, 8, 10, 0];[4, 5, 7, 9, 11];70;44;86;12; F4 B-4 C4 G#2 F#3;2;Dt
44;[0, 2, 4, 6];[6, 8, 10, 0];[5, 7, 9, 11];70;44;87;12; B-3 B-4 C4 G#2 F#3;2;Dt
44,5;[0, 1, 3, 5, 7];[5, 6, 8, 10, 0];[4, 5, 7, 9, 11];77;44;88;12; C4 B-4 C5 F5 G#2 F#3;2;Dt
45;[0, 2, 4];[6, 8, 10];[5, 7, 9];94;44;89;12; B-6 B-4 G#2 F#3;2;Dt
45,5;[0, 1, 3, 5];[5, 6, 8, 10];[4, 5, 7, 9];89;44;90;12; F6 B-4 G#2 F#3;2;Dt
46;[0, 1, 3, 5, 7];[5, 6, 8, 10, 0];[4, 5, 7, 9, 11];77;44;91;12; B-4 C5 F5 G#2 F#3;2;Dt
46,5;[0, 2, 4];[6, 8, 10];[5, 7, 9];70;44;92;12; B-4 G#2 F#3;2;Dt
47;[0, 2, 4, 7];[10, 0, 2, 5];[9, 11, 1, 4];70;38;93;13; B-4 C4 F4 D2;2;Dt
47,125;[0, 2, 4, 7, 9];[10, 0, 2, 5, 7];[9, 11, 1, 4, 6];70;38;94;13; B-4 C4 F4 G2 F3 D2;2;Dt
47,5;[0, 3, 5, 8];[2, 5, 7, 10];[1, 4, 6, 9];70;38;95;13; D4 B-4 F4 D2 G2 F3;2;Dt
48;[0, 3, 5, 8];[2, 5, 7, 10];[1, 4, 6, 9];70;38;96;13; B-3 B-4 F4 D2 G2 F3;2;Dt
48,5;[0, 2, 4, 7, 9];[10, 0, 2, 5, 7];[9, 11, 1, 4, 6];70;38;97;13; B-4 F4 C4 G4 D2 G2 F3;2;Dt
49;[0, 2, 4, 7, 9];[10, 0, 2, 5, 7];[9, 11, 1, 4, 6];82;38;98;13; F5 B-5 C5 B-4 F4 D2 G2 F3;2;Dt
49,5;[0, 3, 5, 8];[2, 5, 7, 10];[1, 4, 6, 9];82;38;99;13; D5 B-4 F5 B-5 F4 D2 G2 F3;2;Dt
50;[0, 3, 5, 8];[2, 5, 7, 10];[1, 4, 6, 9];82;38;100;13; B-4 F5 B-5 F4 D2 G2 F3;3;T
50,5;[0, 2, 4, 7, 9];[10, 0, 2, 5, 7];[9, 11, 1, 4, 6];82;38;101;13; F5 B-5 F4 C5 G5 D2 G2 F3;3;T
51;[0, 1, 4, 8];[10, 11, 2, 6];[9, 10, 1, 5];70;50;102;14; F#4 B-4 B3 D3;3;T
51,5;[0, 3, 6, 9];[2, 5, 8, 11];[1, 4, 7, 10];68;50;103;14; F4 G#4 B3 D3;3;T
52;[0, 4, 5, 7];[4, 8, 9, 11];[3, 7, 8, 10];68;47;104;14; E4 G#4 A3 B2;3;T
52,5;[0, 3, 6, 8];[3, 6, 9, 11];[2, 5, 8, 10];66;47;105;14; E-4 F#4 A3 B2;3;T
53;[0, 1, 4, 8];[5, 6, 9, 1];[4, 5, 8, 0];65;45;106;14; C#4 F4 F#3 A2;3;T
53,5;[0, 3, 6, 9];[0, 3, 6, 9];[11, 2, 5, 8];63;45;107;14; C4 E-4 F#3 A2;3;T
54;[0, 4, 5, 7];[11, 3, 4, 6];[10, 2, 3, 5];63;42;108;14; E-4 B3 F#2 E3;3;T
54,5;[0, 3, 6, 8];[10, 1, 4, 6];[9, 0, 3, 5];61;42;109;14; C#4 B-3 F#2 E3;3;T
55;[0, 2, 5, 7, 8];[1, 3, 6, 8, 9];[0, 2, 5, 7, 8];61;39;110;15; A3 C#4 C#3 F#3 E-2 G#2;3;T
55,5;[0, 2, 5, 7, 8];[1, 3, 6, 8, 9];[0, 2, 5, 7, 8];61;39;111;15; A3 C#4 G#3 C#3 F#3 E-2 G#2;3;T
56;[0, 2, 5, 7, 8];[1, 3, 6, 8, 9];[0, 2, 5, 7, 8];63;39;112;15; A3 C#4 E-4 C#3 F#3 E-2 G#2;3;T
56,5;[0, 2, 5, 7, 8];[1, 3, 6, 8, 9];[0, 2, 5, 7, 8];66;39;113;15; A3 F#4 C#4 E-4 C#3 F#3 E-2 G#2;3;T
57;[0, 2, 5, 7, 8];[1, 3, 6, 8, 9];[0, 2, 5, 7, 8];68;39;114;15; A3 G#4 C#4 E-4 C#3 F#3 E-2 G#2;3;T
57,5;[0, 2, 5, 7, 8];[1, 3, 6, 8, 9];[0, 2, 5, 7, 8];75;39;115;15; E-5 C#5 A3 C#4 E-4 C#3 F#3 E-2 G#2;3;T
58;[0, 2, 5, 7, 8];[1, 3, 6, 8, 9];[0, 2, 5, 7, 8];78;39;116;15; F#5 A3 C#4 E-4 C#3 F#3 E-2 G#2;3;T
58,5;[0, 2, 5, 7, 8];[1, 3, 6, 8, 9];[0, 2, 5, 7, 8];80;39;117;15; G#5 A3 C#4 E-4 C#3 F#3 E-2 G#2;3;T
59;[0, 3, 5];[10, 1, 3];[9, 0, 2];99;25;118;16; E-6 B-6 E-7 C#1 C#2;3;T
59,5;[0, 2, 7];[1, 3, 8];[0, 2, 7];97;27;119;16; C#6 G#6 C#7 E-1 E-2;3;T
60;[0, 2, 7];[3, 5, 10];[2, 4, 9];94;29;120;16; B-5 E-6 B-6 F1 F2;3;T
60,5;[0, 5];[8, 1];[7, 0];92;32;121;16; G#5 C#6 G#6 G#1 G#2;3;T
61;[0, 5];[10, 3];[9, 2];87;34;122;16; E-5 B-5 E-6 B-1 B-2;3;T
61,5;[0, 5];[8, 1];[7, 0];85;37;123;16; C#5 G#5 C#6 C#2 C#3;3;T
62;[0, 5];[10, 3];[9, 2];82;39;124;16; B-4 E-5 B-5 E-2 E-3;3;T
62,5;[0, 4, 7];[1, 5, 8];[0, 4, 7];80;41;125;16; G#4 C#5 G#5 F2 F3;3;T
63;[0, 5];[3, 8];[2, 7];75;44;126;17; E-4 G#4 E-5 G#2 E-3 G#3;3;T
63,5;[0, 3, 7];[10, 1, 5];[9, 0, 4];73;46;127;17; C#4 B-4 C#5 B-2 F3 B-3;3;T
64;[0, 5];[3, 8];[2, 7];75;44;128;17; E-4 G#4 E-5 G#2 E-3 G#3;3;T
64,5;[0, 5];[0, 5];[11, 4];77;41;129;17; F4 C5 F5 F2 F3 C3;3;T
65;[0, 2, 5];[0, 2, 5];[11, 1, 4];96;29;130;17; C6 D6 C7 F4 C5 F5 F1 C2 F2 F3 C3;3;T
66;[0, 2, 5];[0, 2, 5];[11, 1, 4];77;41;131;17; C4 D4 F4 C5 F5 D3 C3 F2 F3;3;T
67;[0, 2];[0, 2];[11, 1];62;50;132;18; C4 D4 D3;3;T
69;[0, 2, 5];[0, 2, 5];[11, 1, 4];62;53;133;18; C4 D4 F3;3;T
69,125;[0, 3, 4, 6];[8, 11, 0, 2];[7, 10, 11, 1];62;56;134;18; C4 D4 G#3 B3;3;T
69,25;[0];[3];[2];63;63;135;18; E-4;3;T
69,375;[0, 3];[5, 8];[4, 7];68;65;136;18; F4 G#4;3;T
69,5;[0, 1];[0, 1];[11, 0];61;60;137;18; C4 C#4;3;T
71;[0, 5];[0, 5];[11, 4];96;29;138;19; C6 F6 C7 F1 C2 F2;3;T
72;[0, 2];[0, 2];[11, 1];62;48;139;19; C4 D4 C3 D3;3;T
74;[0, 2, 5];[0, 2, 5];[11, 1, 4];62;53;140;19; C4 D4 F3;3;T
74,125;[0, 3, 4, 6];[8, 11, 0, 2];[7, 10, 11, 1];62;56;141;19; C4 D4 G#3 B3;3;T
74,25;[0];[3];[2];63;63;142;19; E-4;3;T
74,375;[0, 3];[5, 8];[4, 7];68;65;143;19; F4 G#4;3;T
74,5;[0, 1];[0, 1];[11, 0];61;60;144;19; C4 C#4;3;T
75;[0];[5];[4];53;53;145;20; F3;3;T
75,125;[0, 6];[5, 11];[4, 10];59;53;146;20; B3 F3;3;T
75,25;[0];[5];[4];53;53;147;20; F3;3;T
75,375;[0, 2];[3, 5];[2, 4];63;53;148;20; E-4 F3;3;T
75,5;[0, 3];[5, 8];[4, 7];68;53;149;20; G#4 F3;3;T
75,625;[0];[5];[4];65;53;150;20; F4 F3;3;T
75,75;[0];[5];[4];53;53;151;20; F3;3;T
75,875;[0, 4];[1, 5];[0, 4];61;53;152;20; C#4 F3;3;T
76;[0];[8];[7];56;56;153;20; G#3;3;T
76,125;[0, 6];[2, 8];[1, 7];62;56;154;20; D4 G#3;3;T
76,25;[0];[8];[7];56;56;155;20; G#3;3;T
76,375;[0, 2];[6, 8];[5, 7];66;56;156;20; F#4 G#3;3;T
76,5;[0, 3];[8, 11];[7, 10];71;56;157;20; B4 G#3;3;T
76,625;[0];[8];[7];68;56;158;20; G#4 G#3;3;T
76,75;[0];[8];[7];56;56;159;20; G#3;3;T
76,875;[0, 4];[4, 8];[3, 7];64;56;160;20; E4 G#3;3;T
77;[0];[11];[10];59;59;161;20; B3;3;T
77,125;[0, 6];[5, 11];[4, 10];65;59;162;20; F4 B3;3;T
77,25;[0];[11];[10];59;59;163;20; B3;3;T
77,375;[0, 2];[9, 11];[8, 10];69;59;164;20; A4 B3;3;T
77,5;[0, 3];[11, 2];[10, 1];74;59;165;20; D5 B3;3;T
77,625;[0];[11];[10];71;59;166;20; B4 B3;3;T
77,75;[0];[11];[10];59;59;167;20; B3;3;T
77,875;[0, 4];[7, 11];[6, 10];67;59;168;20; G4 B3;3;T
78;[0];[2];[1];62;62;169;20; D4;3;T
78,125;[0, 6];[2, 8];[1, 7];68;62;170;20; G#4 D4;3;T
78,25;[0];[2];[1];62;62;171;20; D4;3;T
78,375;[0, 2];[0, 2];[11, 1];72;62;172;20; C5 D4;3;T
78,5;[0, 3];[2, 5];[1, 4];77;62;173;20; F5 D4;3;T
78,625;[0];[2];[1];74;62;174;20; D5 D4;3;T
78,75;[0];[2];[1];62;62;175;20; D4;3;T
78,875;[0, 4];[10, 2];[9, 1];70;62;176;20; B-4 D4;3;T
79;[0];[5];[4];65;65;177;21; F4;3;T
79,125;[0, 6];[5, 11];[4, 10];71;65;178;21; B4 F4;3;T
79,25;[0];[5];[4];65;65;179;21; F4;3;T
79,375;[0, 2];[3, 5];[2, 4];75;65;180;21; E-5 F4;3;T
79,5;[0, 3];[5, 8];[4, 7];80;65;181;21; G#5 F4;3;T
79,625;[0];[5];[4];77;65;182;21; F5 F4;3;T
79,75;[0];[5];[4];65;65;183;21; F4;3;T
79,875;[0, 4];[1, 5];[0, 4];73;65;184;21; C#5 F4;3;T
80;[0];[8];[7];68;68;185;21; G#4;3;T
80,125;[0, 6];[2, 8];[1, 7];74;68;186;21; D5 G#4;3;T
80,25;[0];[8];[7];68;68;187;21; G#4;3;T
80,375;[0, 2];[6, 8];[5, 7];78;68;188;21; F#5 G#4;3;T
80,5;[0, 3];[8, 11];[7, 10];83;68;189;21; B5 G#4;3;T
80,625;[0];[8];[7];80;68;190;21; G#5 G#4;3;T
80,75;[0];[8];[7];68;68;191;21; G#4;3;T
80,875;[0, 4];[4, 8];[3, 7];76;68;192;21; E5 G#4;3;T
81;[0];[11];[10];71;71;193;21; B4;3;T
81,125;[0, 6];[5, 11];[4, 10];77;71;194;21; F5 B4;3;T
81,25;[0];[11];[10];71;71;195;21; B4;3;T
81,375;[0, 2];[9, 11];[8, 10];81;71;196;21; A5 B4;3;T
81,5;[0, 3];[11, 2];[10, 1];86;71;197;21; D6 B4;3;T
81,625;[0];[11];[10];83;71;198;21; B5 B4;3;T
81,75;[0];[11];[10];71;71;199;21; B4;3;T
81,875;[0, 4];[7, 11];[6, 10];79;71;200;21; G5 B4;3;T
82;[0];[2];[1];74;74;201;21; D5;3;T
82,125;[0, 6];[2, 8];[1, 7];80;74;202;21; G#5 D5;3;T
82,25;[0];[2];[1];74;74;203;21; D5;3;T
82,375;[0, 2];[0, 2];[11, 1];84;74;204;21; C6 D5;3;T
82,5;[0, 3];[2, 5];[1, 4];89;74;205;21; F6 D5;3;T
82,625;[0];[2];[1];86;74;206;21; D6 D5;3;T
82,75;[0];[2];[1];74;74;207;21; D5;3;T
82,875;[0, 4];[10, 2];[9, 1];82;74;208;21; B-5 D5;3;T
83;[0];[5];[4];77;77;209;22; F5;3;T
83,125;[0, 3];[5, 8];[4, 7];80;77;210;22; G#5 F5;4;A
83,25;[0];[5];[4];77;77;211;22; F5;4;A
83,375;[0, 6];[5, 11];[4, 10];83;77;212;22; B5 F5;4;A
83,5;[0, 2];[3, 5];[2, 4];87;77;213;22; E-6 F5;4;A
83,625;[0, 3];[5, 8];[4, 7];92;77;214;22; G#6 F5;4;A
83,75;[0];[5];[4];77;77;215;22; F5;4;A
83,875;[0, 5];[5, 10];[4, 9];94;77;216;22; B-6 F5;4;A
84;[0, 2];[3, 5];[2, 4];99;77;217;22; E-7 F5;4;A
84,125;[0, 5];[5, 10];[4, 9];94;77;218;22; B-6 F5;4;A
84,25;[0, 3];[5, 8];[4, 7];92;77;219;22; G#6 F5;4;A
84,375;[0, 2];[3, 5];[2, 4];87;77;220;22; E-6 F5;4;A
84,5;[0, 6];[5, 11];[4, 10];83;77;221;22; B5 F5;4;A
84,625;[0, 3];[5, 8];[4, 7];80;77;222;22; G#5 F5;4;A
84,75;[0];[5];[4];77;77;223;22; F5;4;A
84,875;[0];[5];[4];77;77;224;22; F5;4;A
85;[0];[4];[3];76;76;225;22; E5;4;A
85,125;[0, 4];[4, 8];[3, 7];80;76;226;22; G#5 E5;4;A
85,25;[0];[4];[3];76;76;227;22; E5;4;A
85,375;[0, 5];[11, 4];[10, 3];83;76;228;22; B5 E5;4;A
85,5;[0];[4];[3];88;76;229;22; E6 E5;4;A
85,625;[0, 4];[4, 8];[3, 7];92;76;230;22; G#6 E5;4;A
85,75;[0];[4];[3];76;76;231;22; E5;4;A
85,875;[0, 6];[4, 10];[3, 9];94;76;232;22; B-6 E5;4;A
86;[0];[4];[3];100;76;233;22; E7 E5;4;A
86,125;[0, 6];[4, 10];[3, 9];94;76;234;22; B-6 E5;4;A
86,25;[0, 4];[4, 8];[3, 7];92;76;235;22; G#6 E5;4;A
86,375;[0];[4];[3];88;76;236;22; E6 E5;4;A
86,5;[0, 5];[11, 4];[10, 3];83;76;237;22; B5 E5;4;A
86,625;[0, 4];[4, 8];[3, 7];80;76;238;22; G#5 E5;4;A
86,75;[0];[4];[3];76;76;239;22; E5;4;A
86,875;[0];[4];[3];76;76;240;22; E5;4;A
87;[0];[3];[2];75;75;241;23; E-5;4;A
87,125;[0, 5];[3, 8];[2, 7];80;75;242;23; G#5 E-5;4;A
87,25;[0];[3];[2];75;75;243;23; E-5;4;A
87,375;[0, 4];[11, 3];[10, 2];83;75;244;23; B5 E-5;4;A
87,5;[0, 2];[3, 5];[2, 4];89;75;245;23; F6 E-5;4;A
87,625;[0, 5];[3, 8];[2, 7];92;75;246;23; G#6 E-5;4;A
87,75;[0];[3];[2];75;75;247;23; E-5;4;A
87,875;[0, 5];[10, 3];[9, 2];94;75;248;23; B-6 E-5;4;A
88;[0, 2];[3, 5];[2, 4];101;75;249;23; F7 E-5;4;A
88,125;[0, 5];[10, 3];[9, 2];94;75;250;23; B-6 E-5;4;A
88,25;[0, 5];[3, 8];[2, 7];92;75;251;23; G#6 E-5;4;A
88,375;[0, 2];[3, 5];[2, 4];89;75;252;23; F6 E-5;4;A
88,5;[0, 4];[11, 3];[10, 2];83;75;253;23; B5 E-5;4;A
88,625;[0, 5];[3, 8];[2, 7];80;75;254;23; G#5 E-5;4;A
88,75;[0];[3];[2];75;75;255;23; E-5;4;A
88,875;[0];[3];[2];75;75;256;23; E-5;5;O
89;[0];[2];[1];74;74;257;23; D5;5;O
89,125;[0, 6];[2, 8];[1, 7];80;74;258;23; G#5 D5;5;O
89,25;[0];[2];[1];74;74;259;23; D5;5;O
89,375;[0, 3];[11, 2];[10, 1];83;74;260;23; B5 D5;5;O
89,5;[0, 4];[2, 6];[1, 5];90;74;261;23; F#6 D5;5;O
89,625;[0, 6];[2, 8];[1, 7];92;74;262;23; G#6 D5;5;O
89,75;[0];[2];[1];74;74;263;23; D5;5;O
89,875;[0, 4];[10, 2];[9, 1];94;74;264;23; B-6 D5;5;O
90;[0, 4];[2, 6];[1, 5];102;74;265;23; F#7 D5;5;O
90,125;[0, 3];[11, 2];[10, 1];95;74;266;23; B6 D5;5;O
90,25;[0];[2];[1];74;74;267;23; D5;5;O
90,375;[0, 4];[10, 2];[9, 1];94;74;268;23; B-6 D5;5;O
90,5;[0, 6];[2, 8];[1, 7];92;74;269;23; G#6 D5;5;O
90,625;[0, 4];[2, 6];[1, 5];90;74;270;23; F#6 D5;5;O
90,75;[0];[2];[1];74;74;271;23; D5;5;O
90,875;[0, 3];[11, 2];[10, 1];83;74;272;23; B5 D5;5;O
91;[0];[10];[9];82;82;273;24; B-5;5;O
91,125;[0];[8];[7];80;80;274;24; G#5;5;O
91,25;[0];[6];[5];78;78;275;24; F#5;5;O
91,375;[0];[11];[10];71;71;276;24; B4;5;O
91,5;[0];[10];[9];70;70;277;24; B-4;5;O
91,625;[0];[8];[7];68;68;278;24; G#4;5;O
91,75;[0];[6];[5];66;66;279;24; F#4;5;O
91,875;[0];[11];[10];59;59;280;24; B3;5;O
92;[0];[6];[5];66;66;281;24; F#4;5;O
92,125;[0];[8];[7];68;68;282;24; G#4;5;O
92,25;[0];[10];[9];70;70;283;24; B-4;5;O
92,375;[0];[11];[10];71;71;284;24; B4;5;O
92,5;[0];[6];[5];78;78;285;24; F#5;5;O
92,625;[0];[8];[7];80;80;286;24; G#5;5;O
92,75;[0];[10];[9];82;82;287;24; B-5;5;O
92,875;[0];[11];[10];83;83;288;24; B5;5;O
93;[0];[6];[5];90;90;289;24; F#6;5;O
93,125;[0];[8];[7];92;92;290;24; G#6;5;O
93,25;[0];[10];[9];94;94;291;24; B-6;5;O
93,375;[0];[11];[10];95;95;292;24; B6;5;O
93,5;[0];[6];[5];102;102;293;24; F#7;5;O
93,625;[0];[11];[10];95;95;294;24; B6;5;O
93,75;[0];[10];[9];94;94;295;24; B-6;5;O
93,875;[0];[8];[7];92;92;296;24; G#6;5;O
94;[0];[6];[5];90;90;297;24; F#6;5;O
94,125;[0];[11];[10];83;83;298;24; B5;5;O
94,25;[0];[10];[9];82;82;299;24; B-5;5;O
94,375;[0];[8];[7];80;80;300;24; G#5;5;O
94,5;[0];[6];[5];78;78;301;24; F#5;5;O
94,625;[0];[11];[10];71;71;302;24; B4;5;O
94,75;[0];[10];[9];70;70;303;24; B-4;5;O
94,875;[0];[8];[7];68;68;304;24; G#4;5;O
95;[0];[6];[5];66;66;305;24; F#4;5;O
95,125;[0];[11];[10];59;59;306;24; B3;5;O
95,25;[0];[6];[5];66;66;307;24; F#4;5;O
95,375;[0];[8];[7];68;68;308;24; G#4;5;O
95,5;[0];[10];[9];70;70;309;24; B-4;5;O
95,625;[0];[11];[10];71;71;310;24; B4;5;O
95,75;[0];[6];[5];78;78;311;24; F#5;5;O
95,875;[0];[8];[7];80;80;312;24; G#5;5;O
96;[0];[10];[9];82;82;313;24; B-5;5;O
96,125;[0];[11];[10];83;83;314;24; B5;5;O
96,375;[0];[6];[5];90;90;315;24; F#6;5;O
96,5;[0];[8];[7];92;92;316;24; G#6;5;O
96,625;[0];[10];[9];94;94;317;24; B-6;5;O
96,875;[0];[11];[10];95;95;318;24; B6;5;O
97;[0, 2];[6, 8];[5, 7];102;32;319;25; F#7 G#1;5;O
97,125;[0, 3];[8, 11];[7, 10];95;32;320;25; B6 G#1;5;O
97,25;[0];[8];[7];32;32;321;25; G#1;5;O
97,375;[0, 2];[8, 10];[7, 9];94;32;322;25; B-6 G#6 G#1;5;O
97,5;[0];[8];[7];32;32;323;25; G#1;5;O
97,625;[0, 2];[6, 8];[5, 7];90;32;324;25; F#6 G#1;5;O
97,75;[0, 3];[8, 11];[7, 10];83;32;325;25; B5 G#1;5;O
97,875;[0, 2];[8, 10];[7, 9];82;32;326;25; B-5 G#1;5;O
98;[0];[8];[7];32;32;327;25; G#1;5;O
98,125;[0];[8];[7];80;32;328;25; G#5 G#1;5;O
98,25;[0, 2];[6, 8];[5, 7];78;32;329;25; F#5 G#1;5;O
98,375;[0, 3];[8, 11];[7, 10];71;32;330;25; B4 G#1;5;O
98,5;[0, 2, 6];[8, 10, 2];[7, 9, 1];70;32;331;25; B-4 D4 G#1;5;O
98,625;[0, 6];[2, 8];[1, 7];68;32;332;25; G#4 D4 G#1;5;O
98,75;[0, 6];[2, 8];[1, 7];62;32;333;25; D4 G#1;5;O
98,875;[0, 4, 6];[2, 6, 8];[1, 5, 7];66;32;334;25; F#4 D4 G#1;5;O
99;[0, 4, 7];[4, 8, 11];[3, 7, 10];64;32;335;25; B3 E4 G#1;5;O
99,125;[0, 2, 4];[4, 6, 8];[3, 5, 7];66;32;336;25; F#4 E4 G#1;5;O
99,25;[0, 4];[4, 8];[3, 7];68;32;337;25; G#4 E4 G#1;6;Wt
99,375;[0, 4, 6];[4, 8, 10];[3, 7, 9];70;32;338;25; B-4 E4 G#1;6;Wt
99,5;[0, 4];[4, 8];[3, 7];64;32;339;25; E4 G#1;6;Wt
99,625;[0, 4, 7];[4, 8, 11];[3, 7, 10];71;32;340;25; B4 E4 G#1;6;Wt
99,75;[0, 2, 4];[4, 6, 8];[3, 5, 7];78;32;341;25; F#5 E4 G#1;6;Wt
99,875;[0, 4];[4, 8];[3, 7];80;32;342;25; G#5 E4 G#1;6;Wt
100;[0, 4];[4, 8];[3, 7];64;32;343;25; E4 G#1;6;Wt
100,125;[0, 4, 6];[4, 8, 10];[3, 7, 9];82;32;344;25; B-5 E4 G#1;6;Wt
100,25;[0, 4, 7];[4, 8, 11];[3, 7, 10];83;32;345;25; B5 E4 G#1;6;Wt
100,375;[0, 2, 4];[4, 6, 8];[3, 5, 7];90;32;346;25; F#6 E4 G#1;6;Wt
100,5;[0];[8];[7];92;32;347;25; G#6 G#4 G#1;6;Wt
100,625;[0, 2];[8, 10];[7, 9];94;32;348;25; B-6 G#4 G#1;6;Wt
100,75;[0];[8];[7];68;32;349;25; G#4 G#1;6;Wt
100,875;[0, 3];[8, 11];[7, 10];95;32;350;25; B6 G#4 G#1;6;Wt
101;[0, 2];[6, 8];[5, 7];102;32;351;26; F#7 F#4 G#1;6;Wt
101,125;[0, 2, 5];[6, 8, 11];[5, 7, 10];95;32;352;26; B6 F#4 G#1;6;Wt
101,25;[0, 2];[6, 8];[5, 7];66;32;353;26; F#4 G#1;6;Wt
101,375;[0, 2, 4];[6, 8, 10];[5, 7, 9];94;32;354;26; B-6 G#6 F#4 G#1;6;Wt
101,5;[0, 2];[6, 8];[5, 7];66;32;355;26; F#4 G#1;6;Wt
101,625;[0, 2];[6, 8];[5, 7];90;32;356;26; F#6 F#4 G#1;6;Wt
101,75;[0, 2, 5];[6, 8, 11];[5, 7, 10];83;32;357;26; B5 F#4 G#1;6;Wt
101,875;[0, 2, 4];[6, 8, 10];[5, 7, 9];82;32;358;26; B-5 F#4 G#1;6;Wt
102;[0, 2];[6, 8];[5, 7];66;32;359;26; F#4 G#1;6;Wt
102,125;[0, 2];[6, 8];[5, 7];80;32;360;26; G#5 F#4 G#1;6;Wt
102,25;[0, 2];[6, 8];[5, 7];78;32;361;26; F#5 F#4 G#1;6;Wt
102,375;[0, 2, 5];[6, 8, 11];[5, 7, 10];71;32;362;26; B4 F#4 G#1;6;Wt
102,5;[0, 4, 6];[4, 8, 10];[3, 7, 9];70;32;363;26; B-4 E4 G#1;6;Wt
102,625;[0, 4];[4, 8];[3, 7];68;32;364;26; G#4 E4 G#1;6;Wt
102,75;[0, 4];[4, 8];[3, 7];64;32;365;26; E4 G#1;6;Wt
102,875;[0, 2, 4];[4, 6, 8];[3, 5, 7];66;32;366;26; F#4 E4 G#1;6;Wt
103;[0, 3, 6];[8, 11, 2];[7, 10, 1];62;32;367;26; B3 D4 G#1;6;Wt
103,125;[0, 4, 6];[2, 6, 8];[1, 5, 7];66;32;368;26; F#4 D4 G#1;6;Wt
103,25;[0, 6];[2, 8];[1, 7];68;32;369;26; G#4 D4 G#1;6;Wt
103,375;[0, 2, 6];[8, 10, 2];[7, 9, 1];70;32;370;26; B-4 D4 G#1;6;Wt
103,5;[0, 6];[2, 8];[1, 7];62;32;371;26; D4 G#1;6;Wt
103,625;[0, 3, 6];[8, 11, 2];[7, 10, 1];71;32;372;26; B4 D4 G#1;6;Wt
103,75;[0, 4, 6];[2, 6, 8];[1, 5, 7];78;32;373;26; F#5 D4 G#1;6;Wt
103,875;[0, 6];[2, 8];[1, 7];80;32;374;26; G#5 D4 G#1;6;Wt
104;[0, 6];[2, 8];[1, 7];62;32;375;26; D4 G#1;6;Wt
104,125;[0, 2, 6];[8, 10, 2];[7, 9, 1];82;32;376;26; B-5 D4 G#1;6;Wt
104,25;[0, 3, 6];[8, 11, 2];[7, 10, 1];83;32;377;26; B5 D4 G#1;6;Wt
104,375;[0, 4, 6];[2, 6, 8];[1, 5, 7];90;32;378;26; F#6 D4 G#1;6;Wt
104,5;[0, 6];[2, 8];[1, 7];92;32;379;26; G#6 D4 G#1;7;A
104,625;[0, 2, 6];[8, 10, 2];[7, 9, 1];94;32;380;26; B-6 D4 G#1;7;A
104,75;[0, 6];[2, 8];[1, 7];62;32;381;26; D4 G#1;7;A
104,875;[0, 3, 6];[8, 11, 2];[7, 10, 1];95;32;382;26; B6 D4 G#1;7;A
105;[0, 4, 6];[2, 6, 8];[1, 5, 7];102;32;383;27; F#7 D4 G#1;7;A
105,125;[0, 3, 6];[8, 11, 2];[7, 10, 1];95;32;384;27; B6 D4 G#1;7;A
105,25;[0, 6];[2, 8];[1, 7];62;32;385;27; D4 G#1;7;A
105,375;[0, 2, 6];[8, 10, 2];[7, 9, 1];94;32;386;27; B-6 G#6 D4 G#1;7;A
105,5;[0, 6];[2, 8];[1, 7];62;32;387;27; D4 G#1;7;A
105,625;[0, 4, 6];[2, 6, 8];[1, 5, 7];90;32;388;27; F#6 D4 G#1;7;A
105,75;[0, 3, 6];[8, 11, 2];[7, 10, 1];83;32;389;27; B5 D4 G#1;7;A
105,875;[0, 2, 6];[8, 10, 2];[7, 9, 1];82;32;390;27; B-5 D4 G#1;7;A
106;[0, 6];[2, 8];[1, 7];62;32;391;27; D4 G#1;7;A
106,125;[0, 6];[2, 8];[1, 7];80;32;392;27; G#5 D4 G#1;7;A
106,25;[0, 4, 6];[2, 6, 8];[1, 5, 7];78;32;393;27; F#5 D4 G#1;7;A
106,375;[0, 3, 6];[8, 11, 2];[7, 10, 1];71;32;394;27; B4 D4 G#1;7;A
106,5;[0, 2, 6];[8, 10, 2];[7, 9, 1];70;32;395;27; B-4 D4 G#1;7;A
106,625;[0, 6];[2, 8];[1, 7];68;32;396;27; G#4 D4 G#1;7;A
106,75;[0, 6];[2, 8];[1, 7];62;32;397;27; D4 G#1;7;A
106,875;[0, 4, 6];[2, 6, 8];[1, 5, 7];66;32;398;27; F#4 D4 G#1;7;A
107;[0, 3];[8, 11];[7, 10];59;32;399;27; B3 G#1;7;A
107,125;[0, 2, 5];[6, 8, 11];[5, 7, 10];66;32;400;27; F#4 B3 G#1;7;A
107,25;[0, 3];[8, 11];[7, 10];68;32;401;27; G#4 B3 G#1;7;A
107,375;[0, 2, 3];[8, 10, 11];[7, 9, 10];70;32;402;27; B-4 B3 G#1;7;A
107,5;[0, 3];[8, 11];[7, 10];59;32;403;27; B3 G#1;7;A
107,625;[0, 3];[8, 11];[7, 10];71;32;404;27; B4 B3 G#1;7;A
107,75;[0, 2, 5];[6, 8, 11];[5, 7, 10];78;32;405;27; F#5 B3 G#1;7;A
107,875;[0, 3];[8, 11];[7, 10];80;32;406;27; G#5 B3 G#1;7;A
108;[0, 3];[8, 11];[7, 10];59;32;407;27; B3 G#1;7;A
108,125;[0, 2, 3];[8, 10, 11];[7, 9, 10];82;32;408;27; B-5 B3 G#1;7;A
108,25;[0, 3];[8, 11];[7, 10];83;32;409;27; B5 B3 G#1;7;A
108,375;[0, 2, 5];[6, 8, 11];[5, 7, 10];90;32;410;27; F#6 B3 G#1;7;A
108,5;[0, 3];[8, 11];[7, 10];92;32;411;27; G#6 B3 G#1;7;A
108,625;[0, 2, 3];[8, 10, 11];[7, 9, 10];94;32;412;27; B-6 B3 G#1;7;A
108,75;[0, 3];[8, 11];[7, 10];59;32;413;27; B3 G#1;7;A
108,875;[0, 3];[8, 11];[7, 10];95;32;414;27; B6 B3 G#1;7;A
109;[0, 2, 7];[8, 10, 3];[7, 9, 2];106;32;415;28; B-7 E-4 G#1;7;A
109,125;[0, 5];[3, 8];[2, 7];104;32;416;28; G#7 E-4 G#1;7;A
109,25;[0, 3, 5];[3, 6, 8];[2, 5, 7];102;32;417;28; F#7 E-4 G#1;7;A
109,375;[0, 4, 7];[8, 0, 3];[7, 11, 2];96;32;418;28; C7 E-4 G#1;7;A
109,5;[0, 2, 7];[8, 10, 3];[7, 9, 2];94;32;419;28; B-6 E-4 G#1;7;A
109,625;[0, 5];[3, 8];[2, 7];92;32;420;28; G#6 E-4 G#1;7;A
109,75;[0, 5];[3, 8];[2, 7];63;32;421;28; E-4 G#1;7;A
109,875;[0, 3, 5];[3, 6, 8];[2, 5, 7];90;32;422;28; F#6 E-4 G#1;7;A
110;[0, 4, 7];[8, 0, 3];[7, 11, 2];84;32;423;28; C6 E-4 G#1;7;A
110,125;[0, 2, 7];[8, 10, 3];[7, 9, 2];82;32;424;28; B-5 E-4 G#1;7;A
110,25;[0, 5];[3, 8];[2, 7];80;32;425;28; G#5 E-4 G#1;7;A
110,375;[0, 3, 5];[3, 6, 8];[2, 5, 7];78;32;426;28; F#5 E-4 G#1;7;A
110,5;[0, 4, 7];[8, 0, 3];[7, 11, 2];72;32;427;28; C5 E-4 G#1;7;A
110,625;[0, 2, 7];[8, 10, 3];[7, 9, 2];70;32;428;28; B-4 E-4 G#1;7;A
110,75;[0, 5];[3, 8];[2, 7];63;32;429;28; E-4 G#1;7;A
110,875;[0, 5];[3, 8];[2, 7];68;32;430;28; G#4 E-4 G#1;7;A
111;[0, 3, 5];[3, 6, 8];[2, 5, 7];66;32;431;28; F#4 E-4 G#1;7;A
111,125;[0, 4, 7];[8, 0, 3];[7, 11, 2];63;32;432;28; C4 E-4 G#1;7;A
111,25;[0, 3, 5];[3, 6, 8];[2, 5, 7];66;32;433;28; F#4 E-4 G#1;7;A
111,375;[0, 5];[3, 8];[2, 7];68;32;434;28; G#4 E-4 G#1;7;A
111,5;[0, 2, 7];[8, 10, 3];[7, 9, 2];70;32;435;28; B-4 E-4 G#1;7;A
111,625;[0, 4, 7];[8, 0, 3];[7, 11, 2];72;32;436;28; C5 E-4 G#1;7;A
111,75;[0, 5];[3, 8];[2, 7];63;32;437;28; E-4 G#1;7;A
111,875;[0, 3, 5];[3, 6, 8];[2, 5, 7];78;32;438;28; F#5 E-4 G#1;7;A
112;[0, 5];[3, 8];[2, 7];80;32;439;28; G#5 E-4 G#1;7;A
112,125;[0, 2, 7];[8, 10, 3];[7, 9, 2];82;32;440;28; B-5 E-4 G#1;7;A
112,25;[0, 4, 7];[8, 0, 3];[7, 11, 2];84;32;441;28; C6 E-4 G#1;7;A
112,375;[0, 3, 5];[3, 6, 8];[2, 5, 7];90;32;442;28; F#6 E-4 G#1;7;A
112,5;[0, 5];[3, 8];[2, 7];92;32;443;28; G#6 E-4 G#1;7;A
112,625;[0, 2, 7];[8, 10, 3];[7, 9, 2];94;32;444;28; B-6 E-4 G#1;7;A
112,75;[0, 5];[3, 8];[2, 7];63;32;445;28; E-4 G#1;7;A
112,875;[0, 4, 7];[8, 0, 3];[7, 11, 2];96;32;446;28; C7 E-4 G#1;7;A
113;[0, 2];[8, 10];[7, 9];106;32;447;29; B-7 G#1;7;A
113,125;[0];[8];[7];104;32;448;29; G#7 G#1;7;A
113,25;[0, 2];[6, 8];[5, 7];102;32;449;29; F#7 G#1;7;A
113,375;[0, 4];[8, 0];[7, 11];96;32;450;29; C7 G#1;7;A
113,5;[0, 2];[8, 10];[7, 9];94;32;451;29; B-6 G#1;7;A
113,625;[0];[8];[7];92;32;452;29; G#6 G#1;7;A
113,75;[0, 2];[6, 8];[5, 7];90;32;453;29; F#6 G#1;7;A
113,875;[0, 4];[8, 0];[7, 11];84;32;454;29; C6 G#1;7;A
114;[0];[8];[7];32;32;455;29; G#1;7;A
114,125;[0, 2];[8, 10];[7, 9];82;32;456;29; B-5 G#1;7;A
114,25;[0];[8];[7];80;32;457;29; G#5 G#1;7;A
114,375;[0, 2];[6, 8];[5, 7];78;32;458;29; F#5 G#1;7;A
114,5;[0, 4];[8, 0];[7, 11];72;32;459;29; C5 G#1;7;A
114,625;[0, 2];[8, 10];[7, 9];70;32;460;29; B-4 G#1;7;A
114,75;[0];[8];[7];68;32;461;29; G#4 G#1;7;A
114,875;[0, 2];[6, 8];[5, 7];66;32;462;29; F#4 G#1;7;A
115;[0, 4];[8, 0];[7, 11];60;32;463;29; C4 G#1;7;A
115,125;[0, 2];[6, 8];[5, 7];66;32;464;29; F#4 G#1;7;A
115,25;[0];[8];[7];68;32;465;29; G#4 G#1;7;A
115,375;[0, 2];[8, 10];[7, 9];70;32;466;29; B-4 G#1;7;A
115,5;[0];[8];[7];32;32;467;29; G#1;7;A
115,625;[0, 4];[8, 0];[7, 11];72;32;468;29; C5 G#1;7;A
115,75;[0, 2];[6, 8];[5, 7];78;32;469;29; F#5 G#1;7;A
115,875;[0];[8];[7];80;32;470;29; G#5 G#1;7;A
116;[0];[8];[7];32;32;471;29; G#1;7;A
116,125;[0, 2];[8, 10];[7, 9];82;32;472;29; B-5 G#1;7;A
116,25;[0, 4];[8, 0];[7, 11];84;32;473;29; C6 G#1;7;A
116,375;[0, 2];[6, 8];[5, 7];90;32;474;29; F#6 G#1;7;A
116,5;[0];[8];[7];92;32;475;29; G#6 G#1;7;A
116,625;[0, 2];[8, 10];[7, 9];94;32;476;29; B-6 G#1;7;A
116,75;[0];[8];[7];32;32;477;29; G#1;7;A
116,875;[0, 4];[8, 0];[7, 11];96;32;478;29; C7 G#1;7;A
117;[0, 2];[8, 10];[7, 9];106;32;479;30; B-7 G#1;7;A
117,125;[0];[8];[7];104;32;480;30; G#7 G#1;7;A
117,25;[0, 2];[6, 8];[5, 7];102;32;481;30; F#7 G#1;7;A
117,375;[0, 4];[8, 0];[7, 11];96;32;482;30; C7 G#1;7;A
117,5;[0, 2];[8, 10];[7, 9];94;32;483;30; B-6 G#1;7;A
117,625;[0];[8];[7];92;32;484;30; G#6 G#1;7;A
117,75;[0, 2];[6, 8];[5, 7];90;32;485;30; F#6 G#1;7;A
117,875;[0, 2];[8, 10];[7, 9];82;32;486;30; B-5 G#1;7;A
118;[0];[8];[7];80;32;487;30; G#5 G#1;7;A
118,125;[0, 2];[6, 8];[5, 7];78;32;488;30; F#5 G#1;7;A
118,25;[0];[8];[7];32;32;489;30; G#1;7;A
118,5;[0, 4];[8, 0];[7, 11];72;32;490;30; C5 C4 G#1;7;A
119;[0, 2, 4, 7];[6, 8, 10, 1];[5, 7, 9, 0];73;32;491;30; F#4 G#4 B-4 C#4 C#5 G#1;7;A
119,625;[0, 2, 4, 7];[6, 8, 10, 1];[5, 7, 9, 0];78;32;492;30; F#5 F#4 G#4 B-4 C#4 C#5 G#1;7;A
119,75;[0, 2, 4, 7];[6, 8, 10, 1];[5, 7, 9, 0];80;32;493;30; G#5 F#4 G#4 B-4 C#4 C#5 G#1;7;A
119,875;[0, 2, 4, 7];[6, 8, 10, 1];[5, 7, 9, 0];82;32;494;30; B-5 F#4 G#4 B-4 C#4 C#5 G#1;7;A
120;[0, 2, 4, 7];[6, 8, 10, 1];[5, 7, 9, 0];85;32;495;30; C#6 F#4 G#4 B-4 C#4 C#5 G#1;7;A
120,125;[0, 2, 4, 7];[6, 8, 10, 1];[5, 7, 9, 0];90;32;496;30; F#6 F#4 G#4 B-4 C#4 C#5 G#1;7;A
120,25;[0, 2, 4, 7];[6, 8, 10, 1];[5, 7, 9, 0];92;32;497;30; G#6 F#4 G#4 B-4 C#4 C#5 G#1;7;A
120,375;[0, 2, 4, 7];[6, 8, 10, 1];[5, 7, 9, 0];94;32;498;30; B-6 F#4 G#4 B-4 C#4 C#5 G#1;7;A
120,5;[0, 1, 3, 5];[5, 6, 8, 10];[4, 5, 7, 9];89;32;499;30; F6 F4 F5 F#4 G#4 B-4 G#1;7;A
120,75;[0, 1, 3, 5];[5, 6, 8, 10];[4, 5, 7, 9];101;32;500;30; F7 F#4 G#4 B-4 F4 F5 G#1;7;A
121;[0, 3, 5, 7];[3, 6, 8, 10];[2, 5, 7, 9];99;32;501;31; E-7 F#4 G#4 B-4 E-4 E-5 G#1;7;A
121,125;[0, 3, 5, 7];[3, 6, 8, 10];[2, 5, 7, 9];94;32;502;31; B-6 F#4 G#4 B-4 E-4 E-5 G#1;7;A
121,25;[0, 3, 5, 7];[3, 6, 8, 10];[2, 5, 7, 9];92;32;503;31; G#6 F#4 G#4 B-4 E-4 E-5 G#1;7;A
121,375;[0, 3, 5, 7];[3, 6, 8, 10];[2, 5, 7, 9];90;32;504;31; F#6 F#4 G#4 B-4 E-4 E-5 G#1;7;A
121,5;[0, 3, 5, 7];[3, 6, 8, 10];[2, 5, 7, 9];87;32;505;31; E-6 F#4 G#4 B-4 E-4 E-5 G#1;7;A
121,625;[0, 3, 5, 7];[3, 6, 8, 10];[2, 5, 7, 9];82;32;506;31; B-5 F#4 G#4 B-4 E-4 E-5 G#1;7;A
121,75;[0, 3, 5, 7];[3, 6, 8, 10];[2, 5, 7, 9];80;32;507;31; G#5 F#4 G#4 B-4 E-4 E-5 G#1;7;A
121,875;[0, 3, 5, 7];[3, 6, 8, 10];[2, 5, 7, 9];78;32;508;31; F#5 F#4 G#4 B-4 E-4 E-5 G#1;7;A
122;[0, 2, 4, 7];[6, 8, 10, 1];[5, 7, 9, 0];85;32;509;31; C#6 C#4 C#5 F#4 G#4 B-4 G#1;7;A
122,125;[0, 2, 4, 7];[6, 8, 10, 1];[5, 7, 9, 0];82;32;510;31; B-5 F#4 G#4 B-4 C#4 C#5 G#1;7;A
122,25;[0, 2, 4, 7];[6, 8, 10, 1];[5, 7, 9, 0];80;32;511;31; G#5 F#4 G#4 B-4 C#4 C#5 G#1;7;A
122,375;[0, 2, 4, 7];[6, 8, 10, 1];[5, 7, 9, 0];78;32;512;31; F#5 F#4 G#4 B-4 C#4 C#5 G#1;7;A
122,5;[0, 2, 4, 7];[6, 8, 10, 1];[5, 7, 9, 0];73;32;513;31; C#5 F#4 G#4 B-4 C#4 G#1;7;A
122,625;[0, 2, 4, 7];[6, 8, 10, 1];[5, 7, 9, 0];73;32;514;31; B-4 F#4 G#4 C#4 C#5 G#1;7;A
122,75;[0, 2, 4, 7];[6, 8, 10, 1];[5, 7, 9, 0];73;32;515;31; G#4 F#4 B-4 C#4 C#5 G#1;7;A
122,875;[0, 2, 4, 7];[6, 8, 10, 1];[5, 7, 9, 0];73;32;516;31; F#4 G#4 B-4 C#4 C#5 G#1;7;A
123;[0, 3, 4, 6, 8];[4, 7, 8, 10, 0];[3, 6, 7, 9, 11];72;32;517;31; E4 G4 B-4 C5 C4 B-3 G#1;7;A
123,375;[0, 2, 5, 7, 8];[1, 3, 6, 8, 9];[0, 2, 5, 7, 8];73;32;518;31; E-4 F#4 A4 C#5 C#4 A3 G#1;7;A
123,625;[0, 1, 2, 4, 5, 7, 8, 9];[1, 2, 3, 5, 6, 8, 9, 10];[0, 1, 2, 4, 5, 7, 8, 9];73;32;519;31; D4 F4 G#4 B-4 E-4 F#4 A4 C#5 B-3 G#3 G#1 C#4 A3;7;A
123,75;[0, 3, 6, 8];[2, 5, 8, 10];[1, 4, 7, 9];70;32;520;31; D4 F4 G#4 B-4 G#1 B-3 G#3;7;A
124;[0, 1, 3, 5, 6, 9];[7, 8, 10, 0, 1, 4];[6, 7, 9, 11, 0, 3];72;32;521;31; C#4 E4 G4 C5 G3 G#1 B-3;7;A
124,5;[0, 1, 3, 5, 6, 9];[7, 8, 10, 0, 1, 4];[6, 7, 9, 11, 0, 3];72;32;522;31; C#4 E4 G4 C5 G#1 B-3 G3;7;A
125;[0, 4];[8, 0];[7, 11];96;32;523;32; C7 G#1;7;A
125,125;[0, 1];[7, 8];[6, 7];91;32;524;32; G6 G#1;7;A
125,25;[0, 4];[4, 8];[3, 7];88;32;525;32; E6 G#1;7;A
125,375;[0, 4];[8, 0];[7, 11];84;32;526;32; C6 G#1;7;A
125,5;[0, 5];[8, 1];[7, 0];85;32;527;32; C#6 G#1;7;A
125,625;[0, 1];[7, 8];[6, 7];79;32;528;32; G5 G#1;7;A
125,75;[0, 4];[4, 8];[3, 7];76;32;529;32; E5 G#1;7;A
125,875;[0, 5];[8, 1];[7, 0];73;32;530;32; C#5 G#1;7;A
126;[0, 4];[8, 0];[7, 11];84;32;531;32; C6 G#1;7;A
126,125;[0, 1];[7, 8];[6, 7];79;32;532;32; G5 G#1;7;A
126,25;[0, 4];[4, 8];[3, 7];76;32;533;32; E5 G#1;7;A
126,375;[0, 4];[8, 0];[7, 11];72;32;534;32; C5 G#1;7;A
126,5;[0, 5];[8, 1];[7, 0];73;32;535;32; C#5 G#1;7;A
126,625;[0, 1];[7, 8];[6, 7];67;32;536;32; G4 G#1;7;A
126,75;[0, 4];[4, 8];[3, 7];64;32;537;32; E4 G#1;7;A
126,875;[0, 5];[8, 1];[7, 0];61;32;538;32; C#4 G#1;7;A
127;[0, 3, 4, 6, 8];[4, 7, 8, 10, 0];[3, 6, 7, 9, 11];72;32;539;32; E4 G4 B-4 C5 C4 B-3 G#1;7;A
127,375;[0, 2, 5, 7, 8];[1, 3, 6, 8, 9];[0, 2, 5, 7, 8];73;32;540;32; E-4 F#4 A4 C#5 C#4 A3 G#1;7;A
127,625;[0, 1, 2, 4, 5, 7, 8, 9];[1, 2, 3, 5, 6, 8, 9, 10];[0, 1, 2, 4, 5, 7, 8, 9];73;32;541;32; D4 F4 G#4 B-4 E-4 F#4 A4 C#5 B-3 G#3 G#1 C#4 A3;7;A
127,75;[0, 3, 6, 8];[2, 5, 8, 10];[1, 4, 7, 9];70;32;542;32; D4 F4 G#4 B-4 G#1 B-3 G#3;7;A
128;[0, 1, 3, 5, 6, 9];[7, 8, 10, 0, 1, 4];[6, 7, 9, 11, 0, 3];72;32;543;32; C#4 E4 G4 C5 G3 G#1 B-3;8;T
128,5;[0, 1, 3, 5, 6, 9];[7, 8, 10, 0, 1, 4];[6, 7, 9, 11, 0, 3];72;32;544;32; C#4 E4 G4 C5 G#1 B-3 G3;8;T
129;[0, 4];[8, 0];[7, 11];96;32;545;33; C7 G#1;8;T
129,125;[0, 1];[7, 8];[6, 7];91;32;546;33; G6 G#1;8;T
129,25;[0, 4];[4, 8];[3, 7];88;32;547;33; E6 G#1;8;T
129,375;[0, 4];[8, 0];[7, 11];84;32;548;33; C6 G#1;8;T
129,5;[0, 5];[8, 1];[7, 0];85;32;549;33; C#6 G#1;8;T
129,625;[0, 1];[7, 8];[6, 7];79;32;550;33; G5 G#1;8;T
129,75;[0, 4];[4, 8];[3, 7];76;32;551;33; E5 G#1;8;T
129,875;[0, 5];[8, 1];[7, 0];73;32;552;33; C#5 G#1;8;T
130;[0, 4];[8, 0];[7, 11];84;32;553;33; C6 G#1;8;T
130,125;[0, 1];[7, 8];[6, 7];79;32;554;33; G5 G#1;8;T
130,25;[0, 4];[4, 8];[3, 7];76;32;555;33; E5 G#1;8;T
130,375;[0, 4];[8, 0];[7, 11];72;32;556;33; C5 G#1;8;T
130,5;[0, 5];[8, 1];[7, 0];73;32;557;33; C#5 G#1;8;T
130,625;[0, 1];[7, 8];[6, 7];67;32;558;33; G4 G#1;8;T
130,75;[0, 4];[4, 8];[3, 7];64;32;559;33; E4 G#1;8;T
130,875;[0, 5];[8, 1];[7, 0];61;32;560;33; C#4 G#1;8;T
131;[0, 4];[8, 0];[7, 11];60;32;561;33; C4 G#1;8;T
131,375;[0, 5];[8, 1];[7, 0];61;32;562;33; C#4 G#1;8;T
131,625;[0, 2, 5];[8, 10, 1];[7, 9, 0];61;32;563;33; B-3 C#4 G#1;8;T
131,75;[0, 2];[8, 10];[7, 9];58;32;564;33; B-3 G#1;8;T
132,5;[0, 2];[8, 10];[7, 9];58;32;565;33; B-3 G#1;8;T
133;[0, 4];[8, 0];[7, 11];96;32;566;34; C7 G#1;8;T
133,125;[0, 1];[7, 8];[6, 7];91;32;567;34; G6 G#1;8;T
133,25;[0, 4];[4, 8];[3, 7];88;32;568;34; E6 G#1;8;T
133,375;[0, 4];[8, 0];[7, 11];84;32;569;34; C6 G#1;8;T
133,5;[0, 5];[8, 1];[7, 0];85;32;570;34; C#6 G#1;8;T
133,625;[0, 1];[7, 8];[6, 7];79;32;571;34; G5 G#1;8;T
133,75;[0, 4];[4, 8];[3, 7];76;32;572;34; E5 G#1;8;T
133,875;[0, 5];[8, 1];[7, 0];73;32;573;34; C#5 G#1;8;T
134;[0, 4];[8, 0];[7, 11];84;32;574;34; C6 G#1;8;T
134,125;[0, 1];[7, 8];[6, 7];79;32;575;34; G5 G#1;8;T
134,25;[0, 4];[4, 8];[3, 7];76;32;576;34; E5 G#1;8;T
134,375;[0, 4];[8, 0];[7, 11];72;32;577;34; C5 G#1;8;T
134,5;[0, 5];[8, 1];[7, 0];73;32;578;34; C#5 G#1;8;T
134,625;[0, 1];[7, 8];[6, 7];67;32;579;34; G4 G#1;8;T
134,75;[0, 4];[4, 8];[3, 7];64;32;580;34; E4 G#1;8;T
134,875;[0, 5];[8, 1];[7, 0];61;32;581;34; C#4 G#1;8;T
135;[0, 4];[8, 0];[7, 11];60;32;582;34; C4 G#1;8;T
135,25;[0, 4];[8, 0];[7, 11];60;32;583;34; C4 G#1;8;T
135,375;[0, 5];[8, 1];[7, 0];61;32;584;34; C#4 G#1;8;T
135,625;[0, 2, 5];[8, 10, 1];[7, 9, 0];61;32;585;34; B-3 C#4 G#1;8;T
135,75;[0, 2];[8, 10];[7, 9];58;32;586;34; B-3 G#1;8;T
136;[0, 2];[8, 10];[7, 9];58;32;587;35; B-3 G#1;8;T
138;[0, 4];[8, 0];[7, 11];60;32;588;35; C4 G#1;8;T
139;[0, 5];[8, 1];[7, 0];61;32;589;35; C#4 G#1;8;T
140;[0, 2];[8, 10];[7, 9];58;32;590;35; B-3 G#1;8;T
141;[0];[8];[7];44;44;591;36; G#2;8;T
141,5;[0, 2];[6, 8];[5, 7];54;44;592;36; F#3 G#2;8;T
141,625;[0, 2];[8, 10];[7, 9];58;44;593;36; B-3 G#2;8;T
141,75;[0];[8];[7];44;44;594;36; G#2;8;T
141,875;[0, 5];[8, 1];[7, 0];61;44;595;36; C#4 G#2;8;T
142;[0, 5];[8, 1];[7, 0];68;37;596;36; G#4 C#2 G#2;8;T
142,125;[0, 4, 7];[1, 5, 8];[0, 4, 7];65;37;597;36; F4 G#2 C#2;8;T
142,25;[0, 5];[8, 1];[7, 0];44;37;598;36; G#2 C#2;8;T
142,375;[0, 4, 5];[8, 0, 1];[7, 11, 0];60;37;599;36; C4 G#2 C#2;8;T
142,5;[0, 2, 5];[8, 10, 1];[7, 9, 0];58;37;600;36; B-3 G#2 C#2;8;T
142,625;[0, 5];[8, 1];[7, 0];61;37;601;36; C#4 G#2 C#2;8;T
142,75;[0, 5];[8, 1];[7, 0];44;37;602;36; G#2 C#2;8;T
142,875;[0, 2, 7];[1, 3, 8];[0, 2, 7];63;37;603;36; E-4 G#2 C#2;8;T
143;[0, 5];[8, 1];[7, 0];68;37;604;36; G#4 C#2;8;T
143,5;[0, 2, 7];[6, 8, 1];[5, 7, 0];68;37;605;36; F#4 G#4 C#2;8;T
143,625;[0, 2, 5];[8, 10, 1];[7, 9, 0];70;37;606;36; B-4 G#4 C#2;8;T
143,75;[0, 5];[8, 1];[7, 0];68;37;607;36; G#4 C#2;8;T
143,875;[0, 5];[8, 1];[7, 0];73;37;608;36; C#5 G#4 C#2;8;T
144;[0, 5];[8, 1];[7, 0];80;37;609;36; G#5 G#4 C#2;8;T
144,125;[0, 4, 7];[1, 5, 8];[0, 4, 7];77;37;610;36; F5 G#4 C#2;8;T
144,25;[0, 5];[8, 1];[7, 0];68;37;611;36; G#4 C#2;8;T
144,375;[0, 4, 5];[8, 0, 1];[7, 11, 0];72;37;612;36; C5 G#4 C#2;8;T
144,5;[0, 2, 5];[8, 10, 1];[7, 9, 0];70;37;613;36; B-4 G#4 C#2;8;T
144,625;[0, 5];[8, 1];[7, 0];73;37;614;36; C#5 G#4 C#2;8;T
144,75;[0, 5];[8, 1];[7, 0];68;37;615;36; G#4 C#2;8;T
144,875;[0, 2, 7];[1, 3, 8];[0, 2, 7];75;37;616;36; E-5 G#4 C#2;8;T
145;[0];[5];[4];65;65;617;37; F4;8;T
145,5;[0, 1];[5, 6];[4, 5];78;65;618;37; F#5 F4;8;T
145,625;[0, 5];[5, 10];[4, 9];82;65;619;37; B-5 F4;8;T
145,75;[0];[5];[4];65;65;620;37; F4;8;T
145,875;[0, 4];[1, 5];[0, 4];85;65;621;37; C#6 F4;8;T
146;[0, 3];[5, 8];[4, 7];92;65;622;37; G#6 F4;8;T
146,125;[0];[5];[4];89;65;623;37; F6 F4;8;T
146,25;[0];[5];[4];65;65;624;37; F4;8;T
146,375;[0, 5];[0, 5];[11, 4];84;65;625;37; C6 F4;8;T
146,5;[0, 5];[5, 10];[4, 9];82;65;626;37; B-5 F4;8;T
146,625;[0, 4];[1, 5];[0, 4];85;65;627;37; C#6 F4;8;T
146,75;[0];[5];[4];65;65;628;37; F4;8;T
146,875;[0, 2];[3, 5];[2, 4];87;65;629;37; E-6 F4;8;T
147;[0];[3];[2];63;63;630;37; E-4;8;T
147,5;[0];[3];[2];75;63;631;37; E-5 E-4;8;T
147,625;[0, 2];[1, 3];[0, 2];73;63;632;37; C#5 E-4;8;T
147,75;[0];[3];[2];63;63;633;37; E-4;9;Dt
147,875;[0, 5];[10, 3];[9, 2];70;63;634;37; B-4 E-4;9;Dt
148;[0, 5];[3, 8];[2, 7];68;63;635;37; G#4 E-4;9;Dt
148,125;[0, 2];[3, 5];[2, 4];65;63;636;37; F4 E-4;9;Dt
148,25;[0];[3];[2];63;63;637;37; E-4;9;Dt
148,375;[0, 3];[0, 3];[11, 2];63;60;638;37; C4 E-4;9;Dt
148,5;[0, 5];[3, 8];[2, 7];63;44;639;37; E-4 G#2;9;Dt
148,625;[0, 2, 7];[1, 3, 8];[0, 2, 7];63;44;640;37; C#4 E-4 G#2;9;Dt
148,75;[0, 2, 7];[8, 10, 3];[7, 9, 2];63;44;641;37; B-3 E-4 G#2;9;Dt
148,875;[0, 3, 5];[3, 6, 8];[2, 5, 7];63;44;642;37; F#3 E-4 G#2;9;Dt
149;[0, 5];[8, 1];[7, 0];44;37;643;38; C#2 G#2;9;Dt
149,5;[0, 4, 7];[1, 5, 8];[0, 4, 7];53;37;644;38; F3 C#2 G#2;9;Dt
149,625;[0, 5];[8, 1];[7, 0];56;37;645;38; G#3 C#2 G#2;9;Dt
149,75;[0, 5];[8, 1];[7, 0];44;37;646;38; C#2 G#2;9;Dt
149,875;[0, 2, 7];[1, 3, 8];[0, 2, 7];63;37;647;38; E-4 C#2 G#2;9;Dt
150;[0, 2, 5];[8, 10, 1];[7, 9, 0];70;37;648;38; B-4 C#2 G#2;9;Dt
150,125;[0, 4, 7];[1, 5, 8];[0, 4, 7];65;37;649;38; F4 C#2 G#2;9;Dt
150,25;[0, 5];[8, 1];[7, 0];44;37;650;38; C#2 G#2;9;Dt
150,375;[0, 5];[8, 1];[7, 0];61;37;651;38; C#4 C#2 G#2;9;Dt
150,5;[0, 4, 5];[8, 0, 1];[7, 11, 0];60;37;652;38; C4 C#2 G#2;9;Dt
150,625;[0, 2, 7];[1, 3, 8];[0, 2, 7];63;37;653;38; E-4 C#2 G#2;9;Dt
150,75;[0, 5];[8, 1];[7, 0];44;37;654;38; C#2 G#2;9;Dt
150,875;[0, 4, 7];[1, 5, 8];[0, 4, 7];65;37;655;38; F4 C#2 G#2;9;Dt
151;[0, 3, 7];[10, 1, 5];[9, 0, 4];65;58;656;38; B-3 C#4 F4;9;Dt
151,5;[0, 3, 7];[10, 1, 5];[9, 0, 4];65;58;657;38; F4 B-3 C#4;9;Dt
151,625;[0, 3, 5, 8];[5, 8, 10, 1];[4, 7, 9, 0];68;58;658;38; G#4 B-3 C#4 F4;9;Dt
151,75;[0, 3, 7];[10, 1, 5];[9, 0, 4];65;58;659;38; B-3 C#4 F4;9;Dt
151,875;[0, 3, 5, 7];[10, 1, 3, 5];[9, 0, 2, 4];75;58;660;38; E-5 B-3 C#4 F4;9;Dt
152;[0];[10];[9];82;82;661;38; B-5;9;Dt
152,125;[0];[5];[4];77;77;662;38; F5;9;Dt
152,375;[0];[1];[0];73;73;663;38; C#5;9;Dt
152,5;[0];[0];[11];72;72;664;38; C5;9;Dt
152,625;[0];[3];[2];75;75;665;38; E-5;9;Dt
152,875;[0];[5];[4];77;77;666;38; F5;9;Dt
153;[0, 3, 7];[10, 1, 5];[9, 0, 4];77;70;667;39; B-4 C#5 F5;9;Dt
153,5;[0, 3, 7];[10, 1, 5];[9, 0, 4];77;70;668;39; F5 B-4 C#5;9;Dt
153,625;[0, 3, 5, 8];[5, 8, 10, 1];[4, 7, 9, 0];80;70;669;39; G#5 B-4 C#5 F5;9;Dt
153,75;[0, 3, 7];[10, 1, 5];[9, 0, 4];77;70;670;39; B-4 C#5 F5;9;Dt
153,875;[0, 3, 5, 7];[10, 1, 3, 5];[9, 0, 2, 4];87;70;671;39; E-6 B-4 C#5 F5;9;Dt
154;[0];[10];[9];94;94;672;39; B-6;9;Dt
154,125;[0];[5];[4];89;89;673;39; F6;9;Dt
154,375;[0];[1];[0];85;85;674;39; C#6;9;Dt
154,5;[0];[0];[11];84;84;675;39; C6;9;Dt
154,625;[0];[3];[2];87;87;676;39; E-6;9;Dt
154,875;[0];[5];[4];89;89;677;39; F6;9;Dt
155,125;[0, 4];[1, 5];[0, 4];89;85;678;39; C#6 F6;9;Dt
155,375;[0];[10];[9];82;82;679;39; B-5;9;Dt
155,5;[0];[1];[0];85;85;680;39; C#6;9;Dt
155,625;[0];[10];[9];82;82;681;39; B-5;9;Dt
155,875;[0];[5];[4];77;77;682;39; F5;9;Dt
156;[0];[10];[9];82;82;683;39; B-5;9;Dt
156,125;[0];[5];[4];77;77;684;39; F5;9;Dt
156,375;[0];[1];[0];73;73;685;39; C#5;9;Dt
156,5;[0];[5];[4];77;77;686;39; F5;9;Dt
156,625;[0];[1];[0];73;73;687;39; C#5;9;Dt
156,875;[0];[10];[9];70;70;688;39; B-4;9;Dt
157;[0];[8];[7];44;44;689;40; G#2;9;Dt
157,5;[0, 2];[6, 8];[5, 7];54;44;690;40; F#3 G#2;9;Dt
157,625;[0, 2];[8, 10];[7, 9];58;44;691;40; B-3 G#2;9;Dt
157,75;[0];[8];[7];44;44;692;40; G#2;9;Dt
157,875;[0, 5];[8, 1];[7, 0];61;44;693;40; C#4 G#2;9;Dt
158;[0, 5];[8, 1];[7, 0];68;37;694;40; G#4 C#2 G#2;9;Dt
158,125;[0, 4, 7];[1, 5, 8];[0, 4, 7];65;37;695;40; F4 G#2 C#2;9;Dt
158,25;[0, 5];[8, 1];[7, 0];44;37;696;40; G#2 C#2;9;Dt
158,375;[0, 4, 5];[8, 0, 1];[7, 11, 0];60;37;697;40; C4 G#2 C#2;9;Dt
158,5;[0, 2, 5];[8, 10, 1];[7, 9, 0];58;37;698;40; B-3 G#2 C#2;9;Dt
158,625;[0, 5];[8, 1];[7, 0];61;37;699;40; C#4 G#2 C#2;9;Dt
158,75;[0, 5];[8, 1];[7, 0];44;37;700;40; G#2 C#2;9;Dt
158,875;[0, 2, 7];[1, 3, 8];[0, 2, 7];63;37;701;40; E-4 G#2 C#2;9;Dt
159;[0, 5];[8, 1];[7, 0];68;37;702;40; G#4 C#2;9;Dt
159,5;[0, 2, 7];[6, 8, 1];[5, 7, 0];68;37;703;40; F#4 G#4 C#2;9;Dt
159,625;[0, 2, 5];[8, 10, 1];[7, 9, 0];70;37;704;40; B-4 G#4 C#2;9;Dt
159,75;[0, 5];[8, 1];[7, 0];68;37;705;40; G#4 C#2;9;Dt
159,875;[0, 5];[8, 1];[7, 0];73;37;706;40; C#5 G#4 C#2;9;Dt
160;[0, 5];[8, 1];[7, 0];80;37;707;40; G#5 G#4 C#2;9;Dt
160,125;[0, 4, 7];[1, 5, 8];[0, 4, 7];77;37;708;40; F5 G#4 C#2;9;Dt
160,25;[0, 5];[8, 1];[7, 0];68;37;709;40; G#4 C#2;9;Dt
160,375;[0, 4, 5];[8, 0, 1];[7, 11, 0];72;37;710;40; C5 G#4 C#2;9;Dt
160,5;[0, 2, 5];[8, 10, 1];[7, 9, 0];70;37;711;40; B-4 G#4 C#2;9;Dt
160,625;[0, 5];[8, 1];[7, 0];73;37;712;40; C#5 G#4 C#2;9;Dt
160,75;[0, 5];[8, 1];[7, 0];68;37;713;40; G#4 C#2;9;Dt
160,875;[0, 2, 7];[1, 3, 8];[0, 2, 7];75;37;714;40; E-5 G#4 C#2;9;Dt
161;[0];[5];[4];65;65;715;41; F4;9;Dt
161,5;[0, 1];[5, 6];[4, 5];78;65;716;41; F#5 F4;9;Dt
161,625;[0, 5];[5, 10];[4, 9];82;65;717;41; B-5 F4;9;Dt
161,75;[0];[5];[4];65;65;718;41; F4;9;Dt
161,875;[0, 4];[1, 5];[0, 4];85;65;719;41; C#6 F4;9;Dt
162;[0, 3];[5, 8];[4, 7];92;65;720;41; G#6 F4;9;Dt
162,125;[0];[5];[4];89;65;721;41; F6 F4;9;Dt
162,25;[0];[5];[4];65;65;722;41; F4;9;Dt
162,375;[0, 5];[0, 5];[11, 4];84;65;723;41; C6 F4;9;Dt
162,5;[0, 5];[5, 10];[4, 9];82;65;724;41; B-5 F4;9;Dt
162,625;[0, 4];[1, 5];[0, 4];85;65;725;41; C#6 F4;9;Dt
162,75;[0];[5];[4];65;65;726;41; F4;9;Dt
162,875;[0, 2];[3, 5];[2, 4];87;65;727;41; E-6 F4;9;Dt
163;[0];[3];[2];63;63;728;41; E-4;9;Dt
163,5;[0];[3];[2];75;63;729;41; E-5 E-4;9;Dt
163,625;[0, 2];[1, 3];[0, 2];73;63;730;41; C#5 E-4;9;Dt
163,75;[0];[3];[2];63;63;731;41; E-4;10;A
163,875;[0, 5];[10, 3];[9, 2];70;63;732;41; B-4 E-4;10;A
164;[0, 5];[3, 8];[2, 7];68;63;733;41; G#4 E-4;10;A
164,125;[0, 2];[3, 5];[2, 4];65;63;734;41; F4 E-4;10;A
164,25;[0];[3];[2];63;63;735;41; E-4;10;A
164,375;[0, 3];[0, 3];[11, 2];63;60;736;41; C4 E-4;10;A
164,5;[0, 5];[3, 8];[2, 7];63;44;737;41; E-4 G#2;10;A
164,625;[0, 2, 7];[1, 3, 8];[0, 2, 7];63;44;738;41; C#4 E-4 G#2;10;A
164,75;[0, 2, 7];[8, 10, 3];[7, 9, 2];63;44;739;41; B-3 E-4 G#2;10;A
164,875;[0, 3, 5];[3, 6, 8];[2, 5, 7];63;44;740;41; F#3 E-4 G#2;10;A
165;[0, 5];[8, 1];[7, 0];44;37;741;42; C#2 G#2;10;A
165,5;[0, 4, 7];[1, 5, 8];[0, 4, 7];53;37;742;42; F3 C#2 G#2;10;A
165,625;[0, 5];[8, 1];[7, 0];56;37;743;42; G#3 C#2 G#2;10;A
165,75;[0, 5];[8, 1];[7, 0];44;37;744;42; C#2 G#2;10;A
165,875;[0, 2, 7];[1, 3, 8];[0, 2, 7];63;37;745;42; E-4 C#2 G#2;10;A
166;[0, 2, 5];[8, 10, 1];[7, 9, 0];70;37;746;42; B-4 C#2 G#2;10;A
166,125;[0, 4, 7];[1, 5, 8];[0, 4, 7];65;37;747;42; F4 C#2 G#2;10;A
166,25;[0, 5];[8, 1];[7, 0];44;37;748;42; C#2 G#2;10;A
166,375;[0, 5];[8, 1];[7, 0];61;37;749;42; C#4 C#2 G#2;10;A
166,5;[0, 4, 5];[8, 0, 1];[7, 11, 0];60;37;750;42; C4 C#2 G#2;10;A
166,625;[0, 2, 7];[1, 3, 8];[0, 2, 7];63;37;751;42; E-4 C#2 G#2;10;A
166,75;[0, 5];[8, 1];[7, 0];44;37;752;42; C#2 G#2;10;A
166,875;[0, 4, 7];[1, 5, 8];[0, 4, 7];65;37;753;42; F4 C#2 G#2;10;A
167;[0, 3, 7];[10, 1, 5];[9, 0, 4];65;58;754;42; B-3 C#4 F4;10;A
167,5;[0, 3, 7];[10, 1, 5];[9, 0, 4];65;58;755;42; F4 B-3 C#4;10;A
167,625;[0, 3, 5, 8];[5, 8, 10, 1];[4, 7, 9, 0];68;58;756;42; G#4 B-3 C#4 F4;10;A
167,75;[0, 3, 7];[10, 1, 5];[9, 0, 4];65;58;757;42; B-3 C#4 F4;10;A
167,875;[0, 3, 5, 7];[10, 1, 3, 5];[9, 0, 2, 4];75;58;758;42; E-5 B-3 C#4 F4;10;A
168;[0];[10];[9];82;82;759;42; B-5;10;A
168,125;[0];[5];[4];77;77;760;42; F5;10;A
168,375;[0];[1];[0];73;73;761;42; C#5;10;A
168,5;[0];[0];[11];72;72;762;42; C5;10;A
168,625;[0];[3];[2];75;75;763;42; E-5;10;A
168,875;[0];[5];[4];77;77;764;42; F5;10;A
169;[0, 3, 7];[10, 1, 5];[9, 0, 4];77;70;765;43; B-4 C#5 F5;10;A
169,5;[0, 3, 7];[10, 1, 5];[9, 0, 4];77;70;766;43; F5 B-4 C#5;10;A
169,625;[0, 3, 5, 8];[5, 8, 10, 1];[4, 7, 9, 0];80;70;767;43; G#5 B-4 C#5 F5;10;A
169,75;[0, 3, 7];[10, 1, 5];[9, 0, 4];77;70;768;43; B-4 C#5 F5;10;A
169,875;[0, 3, 5, 7];[10, 1, 3, 5];[9, 0, 2, 4];87;70;769;43; E-6 B-4 C#5 F5;10;A
170;[0];[10];[9];94;94;770;43; B-6;10;A
170,125;[0];[5];[4];89;89;771;43; F6;10;A
170,375;[0];[1];[0];85;85;772;43; C#6;10;A
170,5;[0];[0];[11];84;84;773;43; C6;10;A
170,625;[0];[3];[2];87;87;774;43; E-6;10;A
170,875;[0];[5];[4];89;89;775;43; F6;10;A
171,125;[0, 4];[1, 5];[0, 4];89;85;776;43; C#6 F6;10;A
171,375;[0];[10];[9];82;82;777;43; B-5;10;A
171,5;[0];[1];[0];85;85;778;43; C#6;10;A
171,625;[0];[10];[9];82;82;779;43; B-5;10;A
171,875;[0];[5];[4];77;77;780;43; F5;10;A
172;[0];[10];[9];82;82;781;43; B-5;10;A
172,125;[0];[5];[4];77;77;782;43; F5;10;A
172,375;[0];[1];[0];73;73;783;43; C#5;10;A
172,5;[0];[5];[4];77;77;784;43; F5;10;A
172,625;[0];[1];[0];73;73;785;43; C#5;10;A
172,875;[0];[10];[9];70;70;786;43; B-4;10;A
173;[0, 2];[5, 7];[4, 6];77;31;787;44; F5 G1 G2;10;A
173,125;[0, 6];[1, 7];[0, 6];73;31;788;44; C#5 G1 G2;10;A
173,25;[0];[7];[6];43;31;789;44; G1 G2;10;A
173,375;[0, 3];[7, 10];[6, 9];70;31;790;44; B-4 G1 G2;10;A
173,5;[0, 6];[1, 7];[0, 6];73;31;791;44; C#5 G1 G2;10;A
173,625;[0, 3];[7, 10];[6, 9];70;31;792;44; B-4 G1 G2;10;A
173,75;[0];[7];[6];43;31;793;44; G1 G2;10;A
173,875;[0, 2];[5, 7];[4, 6];65;31;794;44; F4 G1 G2;10;A
174;[0, 1];[9, 10];[8, 9];70;33;795;44; B-4 A1 A2;10;A
174,125;[0, 4];[5, 9];[4, 8];65;33;796;44; F4 A1 A2;10;A
174,25;[0];[9];[8];45;33;797;44; A1 A2;10;A
174,375;[0, 4];[9, 1];[8, 0];61;33;798;44; C#4 A1 A2;10;A
174,5;[0, 4];[5, 9];[4, 8];65;33;799;44; F4 A1 A2;10;A
174,625;[0, 4];[9, 1];[8, 0];61;33;800;44; C#4 A1 A2;10;A
174,75;[0];[9];[8];45;33;801;44; A1 A2;10;A
174,875;[0, 1];[9, 10];[8, 9];58;33;802;44; B-3 A1 A2;10;A
175;[0, 4];[5, 9];[4, 8];53;33;803;44; F3 A1 A2;10;A
175,125;[0, 1];[9, 10];[8, 9];58;33;804;44; B-3 A1 A2;10;A
175,25;[0];[9];[8];45;33;805;44; A1 A2;11;Wt
175,375;[0, 4];[9, 1];[8, 0];61;33;806;44; C#4 A1 A2;11;Wt
175,5;[0, 3];[7, 10];[6, 9];58;31;807;44; B-3 G1 G2;11;Wt
175,625;[0, 6];[1, 7];[0, 6];61;31;808;44; C#4 G1 G2;11;Wt
175,75;[0];[7];[6];43;31;809;44; G1 G2;11;Wt
175,875;[0, 2];[5, 7];[4, 6];65;31;810;44; F4 G1 G2;11;Wt
176;[0, 6];[1, 7];[0, 6];61;31;811;44; C#4 G1 G2;11;Wt
176,125;[0, 2];[5, 7];[4, 6];65;31;812;44; F4 G1 G2;11;Wt
176,25;[0];[7];[6];43;31;813;44; G1 G2;11;Wt
176,375;[0, 3];[7, 10];[6, 9];70;31;814;44; B-4 G1 G2;11;Wt
176,5;[0, 4];[5, 9];[4, 8];65;33;815;44; F4 A1 A2;11;Wt
176,625;[0, 1];[9, 10];[8, 9];70;33;816;44; B-4 A1 A2;11;Wt
176,75;[0];[9];[8];45;33;817;44; A1 A2;11;Wt
176,875;[0, 4];[9, 1];[8, 0];73;33;818;44; C#5 A1 A2;11;Wt
177;[0, 6];[5, 11];[4, 10];77;35;819;45; F5 B1 B2;11;Wt
177,125;[0, 2];[11, 1];[10, 0];73;35;820;45; C#5 B1 B2;11;Wt
177,25;[0];[11];[10];47;35;821;45; B1 B2;11;Wt
177,375;[0, 2];[9, 11];[8, 10];69;35;822;45; A4 B1 B2;11;Wt
177,5;[0, 2];[11, 1];[10, 0];73;35;823;45; C#5 B1 B2;11;Wt
177,625;[0, 2];[9, 11];[8, 10];69;35;824;45; A4 B1 B2;11;Wt
177,75;[0];[11];[10];47;35;825;45; B1 B2;11;Wt
177,875;[0, 6];[5, 11];[4, 10];65;35;826;45; F4 B1 B2;11;Wt
178;[0, 4];[9, 1];[8, 0];69;37;827;45; A4 C#2 C#3;11;Wt
178,125;[0, 4];[1, 5];[0, 4];65;37;828;45; F4 C#2 C#3;11;Wt
178,25;[0];[1];[0];49;37;829;45; C#2 C#3;11;Wt
178,375;[0];[1];[0];61;37;830;45; C#4 C#2 C#3;11;Wt
178,5;[0, 4];[1, 5];[0, 4];65;37;831;45; F4 C#2 C#3;11;Wt
178,625;[0];[1];[0];61;37;832;45; C#4 C#2 C#3;11;Wt
178,75;[0];[1];[0];49;37;833;45; C#2 C#3;11;Wt
178,875;[0, 4];[9, 1];[8, 0];57;37;834;45; A3 C#2 C#3;11;Wt
179;[0, 4];[1, 5];[0, 4];53;37;835;45; F3 C#2 C#3;11;Wt
179,125;[0, 4];[9, 1];[8, 0];57;37;836;45; A3 C#2 C#3;11;Wt
179,25;[0];[1];[0];49;37;837;45; C#2 C#3;11;Wt
179,375;[0];[1];[0];61;37;838;45; C#4 C#2 C#3;11;Wt
179,5;[0, 6];[3, 9];[2, 8];57;39;839;45; A3 E-2 E-3;11;Wt
179,625;[0, 2];[1, 3];[0, 2];61;39;840;45; C#4 E-2 E-3;11;Wt
179,75;[0];[3];[2];51;39;841;45; E-2 E-3;11;Wt
179,875;[0, 2];[3, 5];[2, 4];65;39;842;45; F4 E-2 E-3;11;Wt
180;[0, 2];[1, 3];[0, 2];61;39;843;45; C#4 E-2 E-3;11;Wt
180,125;[0, 2];[3, 5];[2, 4];65;39;844;45; F4 E-2 E-3;11;Wt
180,25;[0];[3];[2];51;39;845;45; E-2 E-3;11;Wt
180,375;[0, 6];[3, 9];[2, 8];69;39;846;45; A4 E-2 E-3;11;Wt
180,5;[0];[5];[4];65;41;847;45; F4 F2 F3;11;Wt
180,625;[0, 4];[5, 9];[4, 8];69;41;848;45; A4 F2 F3;11;Wt
180,75;[0];[5];[4];53;41;849;45; F2 F3;11;Wt
180,875;[0, 4];[1, 5];[0, 4];73;41;850;45; C#5 F2 F3;11;Wt
181;[0, 2];[5, 7];[4, 6];77;43;851;46; F5 G2 G3;11;Wt
181,125;[0, 6];[1, 7];[0, 6];73;43;852;46; C#5 G2 G3;11;Wt
181,25;[0];[7];[6];55;43;853;46; G2 G3;11;Wt
181,375;[0, 3];[7, 10];[6, 9];70;43;854;46; B-4 G2 G3;11;Wt
181,5;[0, 6];[1, 7];[0, 6];73;43;855;46; C#5 G2 G3;11;Wt
181,625;[0, 3];[7, 10];[6, 9];70;43;856;46; B-4 G2 G3;11;Wt
181,75;[0];[7];[6];55;43;857;46; G2 G3;11;Wt
181,875;[0, 2];[5, 7];[4, 6];65;43;858;46; F4 G2 G3;11;Wt
182;[0, 1];[9, 10];[8, 9];70;45;859;46; B-4 A2 A3;11;Wt
182,125;[0, 4];[5, 9];[4, 8];65;45;860;46; F4 A2 A3;11;Wt
182,25;[0];[9];[8];57;45;861;46; A2 A3;11;Wt
182,375;[0, 4];[9, 1];[8, 0];61;45;862;46; C#4 A2 A3;11;Wt
182,5;[0, 4];[5, 9];[4, 8];65;45;863;46; F4 A2 A3;12;Wt
182,625;[0, 4];[9, 1];[8, 0];61;45;864;46; C#4 A2 A3;12;Wt
182,75;[0];[9];[8];57;45;865;46; A2 A3;12;Wt
182,875;[0, 1];[9, 10];[8, 9];58;45;866;46; B-3 A2 A3;12;Wt
183;[0, 4];[9, 1];[8, 0];61;45;867;46; C#4 A2 A3;12;Wt
183,125;[0, 4];[5, 9];[4, 8];65;45;868;46; F4 A2 A3;12;Wt
183,25;[0];[9];[8];57;45;869;46; A2 A3;12;Wt
183,375;[0, 1];[9, 10];[8, 9];70;45;870;46; B-4 A2 A3;12;Wt
183,5;[0, 2];[5, 7];[4, 6];65;43;871;46; F4 G2 G3;12;Wt
183,625;[0, 3];[7, 10];[6, 9];70;43;872;46; B-4 G2 G3;12;Wt
183,75;[0];[7];[6];55;43;873;46; G2 G3;12;Wt
183,875;[0, 6];[1, 7];[0, 6];73;43;874;46; C#5 G2 G3;12;Wt
184;[0, 3];[7, 10];[6, 9];70;43;875;46; B-4 G2 G3;12;Wt
184,125;[0, 6];[1, 7];[0, 6];73;43;876;46; C#5 G2 G3;12;Wt
184,25;[0];[7];[6];55;43;877;46; G2 G3;12;Wt
184,375;[0, 2];[5, 7];[4, 6];77;43;878;46; F5 G2 G3;12;Wt
184,5;[0, 4];[9, 1];[8, 0];73;45;879;46; C#5 A2 A3;12;Wt
184,625;[0, 4];[5, 9];[4, 8];77;45;880;46; F5 A2 A3;12;Wt
184,75;[0];[9];[8];57;45;881;46; A2 A3;12;Wt
184,875;[0, 1];[9, 10];[8, 9];82;45;882;46; B-5 A2 A3;12;Wt
185;[0, 2];[9, 11];[8, 10];81;47;883;47; A5 B2 B3;12;Wt
185,125;[0, 6];[5, 11];[4, 10];77;47;884;47; F5 B2 B3;12;Wt
185,25;[0];[11];[10];59;47;885;47; B2 B3;12;Wt
185,375;[0, 2];[11, 1];[10, 0];73;47;886;47; C#5 B2 B3;12;Wt
185,5;[0, 6];[5, 11];[4, 10];77;47;887;47; F5 B2 B3;12;Wt
185,625;[0, 2];[11, 1];[10, 0];73;47;888;47; C#5 B2 B3;12;Wt
185,75;[0];[11];[10];59;47;889;47; B2 B3;12;Wt
185,875;[0, 2];[9, 11];[8, 10];69;47;890;47; A4 B2 B3;12;Wt
186;[0];[1];[0];73;49;891;47; C#5 C#3 C#4;12;Wt
186,125;[0, 4];[9, 1];[8, 0];69;49;892;47; A4 C#3 C#4;12;Wt
186,25;[0];[1];[0];61;49;893;47; C#3 C#4;12;Wt
186,375;[0, 4];[1, 5];[0, 4];65;49;894;47; F4 C#3 C#4;12;Wt
186,5;[0, 4];[9, 1];[8, 0];69;49;895;47; A4 C#3 C#4;12;Wt
186,625;[0, 4];[1, 5];[0, 4];65;49;896;47; F4 C#3 C#4;12;Wt
186,75;[0];[1];[0];61;49;897;47; C#3 C#4;12;Wt
186,875;[0];[1];[0];61;49;898;47; C#4 C#3;12;Wt
187;[0, 4];[1, 5];[0, 4];65;49;899;47; F4 C#3 C#4;12;Wt
187,125;[0, 4];[9, 1];[8, 0];69;49;900;47; A4 C#3 C#4;12;Wt
187,25;[0];[1];[0];61;49;901;47; C#3 C#4;12;Wt
187,375;[0];[1];[0];73;49;902;47; C#5 C#3 C#4;12;Wt
187,5;[0, 6];[3, 9];[2, 8];69;51;903;47; A4 E-3 E-4;12;Wt
187,625;[0, 2];[1, 3];[0, 2];73;51;904;47; C#5 E-3 E-4;12;Wt
187,75;[0];[3];[2];63;51;905;47; E-3 E-4;12;Wt
187,875;[0, 2];[3, 5];[2, 4];77;51;906;47; F5 E-3 E-4;12;Wt
188;[0, 2];[1, 3];[0, 2];73;51;907;47; C#5 E-3 E-4;12;Wt
188,125;[0, 2];[3, 5];[2, 4];77;51;908;47; F5 E-3 E-4;12;Wt
188,25;[0];[3];[2];63;51;909;47; E-3 E-4;12;Wt
188,375;[0, 6];[3, 9];[2, 8];81;51;910;47; A5 E-3 E-4;12;Wt
188,5;[0];[5];[4];77;53;911;47; F5 F3 F4;12;Wt
188,625;[0, 4];[5, 9];[4, 8];81;53;912;47; A5 F3 F4;12;Wt
188,75;[0];[5];[4];65;53;913;47; F3 F4;12;Wt
188,875;[0, 4];[1, 5];[0, 4];85;53;914;47; C#6 F3 F4;12;Wt
189;[0, 2, 5, 8];[5, 7, 10, 1];[4, 6, 9, 0];89;55;915;48; F6 G3 G4 B-3 C#4 F4;12;Wt
189,125;[0, 2, 5, 8];[5, 7, 10, 1];[4, 6, 9, 0];85;55;916;48; C#6 G3 G4 B-3 C#4 F4;12;Wt
189,25;[0, 2, 5, 8];[5, 7, 10, 1];[4, 6, 9, 0];67;55;917;48; G3 G4 B-3 C#4 F4;12;Wt
189,375;[0, 2, 5, 8];[5, 7, 10, 1];[4, 6, 9, 0];82;55;918;48; B-5 G3 G4 B-3 C#4 F4;12;Wt
189,5;[0, 2, 5, 8];[5, 7, 10, 1];[4, 6, 9, 0];85;55;919;48; C#6 G3 G4 B-3 C#4 F4;12;Wt
189,625;[0, 2, 5, 8];[5, 7, 10, 1];[4, 6, 9, 0];82;55;920;48; B-5 G3 G4 B-3 C#4 F4;12;Wt
189,75;[0, 2, 5, 8];[5, 7, 10, 1];[4, 6, 9, 0];67;55;921;48; G3 G4 B-3 C#4 F4;12;Wt
189,875;[0, 2, 5, 8];[5, 7, 10, 1];[4, 6, 9, 0];77;55;922;48; F5 G3 G4 B-3 C#4 F4;12;Wt
190;[0, 1, 4, 8];[9, 10, 1, 5];[8, 9, 0, 4];82;57;923;48; B-5 A4 A3 B-3 C#4 F4;12;Wt
190,125;[0, 1, 4, 8];[9, 10, 1, 5];[8, 9, 0, 4];77;57;924;48; F5 A4 A3 B-3 C#4 F4;12;Wt
190,25;[0, 1, 4, 8];[9, 10, 1, 5];[8, 9, 0, 4];69;57;925;48; A4 A3 B-3 C#4 F4;12;Wt
190,375;[0, 1, 4, 8];[9, 10, 1, 5];[8, 9, 0, 4];73;57;926;48; C#5 A4 A3 B-3 C#4 F4;12;Wt
190,5;[0, 1, 4, 8];[9, 10, 1, 5];[8, 9, 0, 4];77;57;927;48; F5 A4 A3 B-3 C#4 F4;12;Wt
190,625;[0, 1, 4, 8];[9, 10, 1, 5];[8, 9, 0, 4];73;57;928;48; C#5 A4 A3 B-3 C#4 F4;12;Wt
190,75;[0, 1, 4, 8];[9, 10, 1, 5];[8, 9, 0, 4];69;57;929;48; A4 A3 B-3 C#4 F4;12;Wt
190,875;[0, 1, 4, 8];[9, 10, 1, 5];[8, 9, 0, 4];70;57;930;48; B-4 A4 A3 B-3 C#4 F4;12;Wt
191;[0, 1, 4, 8];[9, 10, 1, 5];[8, 9, 0, 4];69;57;931;48; F4 A4 A3 B-3 C#4;12;Wt
191,125;[0, 1, 4, 8];[9, 10, 1, 5];[8, 9, 0, 4];70;57;932;48; B-4 A4 A3 B-3 C#4 F4;12;Wt
191,25;[0, 1, 4, 8];[9, 10, 1, 5];[8, 9, 0, 4];69;57;933;48; A4 A3 B-3 C#4 F4;12;Wt
191,375;[0, 1, 4, 8];[9, 10, 1, 5];[8, 9, 0, 4];73;57;934;48; C#5 A4 A3 B-3 C#4 F4;12;Wt
191,5;[0, 2, 5, 8];[5, 7, 10, 1];[4, 6, 9, 0];70;55;935;48; B-4 G4 G3 B-3 C#4 F4;12;Wt
191,625;[0, 2, 5, 8];[5, 7, 10, 1];[4, 6, 9, 0];73;55;936;48; C#5 G4 G3 B-3 C#4 F4;12;Wt
191,75;[0, 2, 5, 8];[5, 7, 10, 1];[4, 6, 9, 0];67;55;937;48; G4 G3 B-3 C#4 F4;12;Wt
191,875;[0, 2, 5, 8];[5, 7, 10, 1];[4, 6, 9, 0];77;55;938;48; F5 G4 G3 B-3 C#4 F4;12;Wt
192;[0, 2, 5, 8];[5, 7, 10, 1];[4, 6, 9, 0];73;55;939;48; C#5 G4 G3 B-3 C#4 F4;12;Wt
192,125;[0, 2, 5, 8];[5, 7, 10, 1];[4, 6, 9, 0];77;55;940;48; F5 G4 G3 B-3 C#4 F4;12;Wt
192,25;[0, 2, 5, 8];[5, 7, 10, 1];[4, 6, 9, 0];67;55;941;48; G4 G3 B-3 C#4 F4;12;Wt
192,375;[0, 2, 5, 8];[5, 7, 10, 1];[4, 6, 9, 0];82;55;942;48; B-5 G4 G3 B-3 C#4 F4;12;Wt
192,5;[0, 1, 4, 8];[9, 10, 1, 5];[8, 9, 0, 4];77;57;943;48; F5 A3 A4 B-3 C#4 F4;12;Wt
192,625;[0, 1, 4, 8];[9, 10, 1, 5];[8, 9, 0, 4];82;57;944;48; B-5 A3 A4 B-3 C#4 F4;12;Wt
192,75;[0, 1, 4, 8];[9, 10, 1, 5];[8, 9, 0, 4];69;57;945;48; A3 A4 B-3 C#4 F4;12;Wt
192,875;[0, 1, 4, 8];[9, 10, 1, 5];[8, 9, 0, 4];85;57;946;48; C#6 A3 A4 B-3 C#4 F4;12;Wt
193;[0];[11];[10];59;59;947;49; B3;12;Wt
193,125;[0, 2];[11, 1];[10, 0];61;59;948;49; C#4 B3;12;Wt
193,25;[0, 6];[5, 11];[4, 10];65;59;949;49; F4 B3;12;Wt
193,375;[0, 2];[9, 11];[8, 10];69;59;950;49; A4 B3;12;Wt
193,5;[0];[11];[10];71;59;951;49; B4 B3;12;Wt
193,625;[0, 2];[11, 1];[10, 0];73;59;952;49; C#5 B3;12;Wt
193,75;[0, 6];[5, 11];[4, 10];77;59;953;49; F5 B3;12;Wt
193,875;[0, 2];[9, 11];[8, 10];81;59;954;49; A5 B3;12;Wt
194;[0];[11];[10];71;59;955;49; B4 B3;12;Wt
194,125;[0, 2];[11, 1];[10, 0];73;59;956;49; C#5 B3;12;Wt
194,25;[0, 6];[5, 11];[4, 10];77;59;957;49; F5 B3;12;Wt
194,375;[0, 2];[9, 11];[8, 10];81;59;958;49; A5 B3;12;Wt
194,5;[0];[11];[10];83;59;959;49; B5 B3;12;Wt
194,625;[0, 2];[11, 1];[10, 0];85;59;960;49; C#6 B3;12;Wt
194,75;[0, 6];[5, 11];[4, 10];89;59;961;49; F6 B3;12;Wt
194,875;[0, 2];[9, 11];[8, 10];93;59;962;49; A6 B3;12;Wt
195;[0];[11];[10];95;59;963;49; B6 B3;12;Wt
195,125;[0, 2];[9, 11];[8, 10];93;59;964;49; A6 B3;12;Wt
195,25;[0, 6];[5, 11];[4, 10];89;59;965;49; F6 B3;12;Wt
195,375;[0, 2];[11, 1];[10, 0];85;59;966;49; C#6 B3;12;Wt
195,5;[0];[11];[10];83;59;967;49; B5 B3;12;Wt
195,625;[0, 2];[9, 11];[8, 10];81;59;968;49; A5 B3;12;Wt
195,75;[0, 6];[5, 11];[4, 10];77;59;969;49; F5 B3;12;Wt
195,875;[0, 2];[11, 1];[10, 0];73;59;970;49; C#5 B3;12;Wt
196;[0];[11];[10];71;59;971;49; B4 B3;13;Wt
196,125;[0, 2];[9, 11];[8, 10];81;59;972;49; A5 B3;13;Wt
196,25;[0, 6];[5, 11];[4, 10];77;59;973;49; F5 B3;13;Wt
196,375;[0, 2];[11, 1];[10, 0];73;59;974;49; C#5 B3;13;Wt
196,5;[0];[11];[10];71;59;975;49; B4 B3;13;Wt
196,625;[0, 2];[9, 11];[8, 10];69;59;976;49; A4 B3;13;Wt
196,75;[0, 6];[5, 11];[4, 10];65;59;977;49; F4 B3;13;Wt
196,875;[0, 2];[11, 1];[10, 0];61;59;978;49; C#4 B3;13;Wt
197;[0];[11];[10];59;59;979;50; B3;13;Wt
197,125;[0, 2];[11, 1];[10, 0];61;59;980;50; C#4 B3;13;Wt
197,25;[0, 6];[5, 11];[4, 10];65;59;981;50; F4 B3;13;Wt
197,375;[0, 2];[9, 11];[8, 10];69;59;982;50; A4 B3;13;Wt
197,5;[0];[11];[10];71;59;983;50; B4 B3;13;Wt
197,625;[0, 2];[11, 1];[10, 0];73;59;984;50; C#5 B3;13;Wt
197,75;[0, 6];[5, 11];[4, 10];77;59;985;50; F5 B3;13;Wt
197,875;[0, 2];[9, 11];[8, 10];81;59;986;50; A5 B3;13;Wt
198;[0];[11];[10];71;59;987;50; B4 B3;13;Wt
198,125;[0, 2];[11, 1];[10, 0];73;59;988;50; C#5 B3;13;Wt
198,25;[0, 6];[5, 11];[4, 10];77;59;989;50; F5 B3;13;Wt
198,375;[0, 2];[9, 11];[8, 10];81;59;990;50; A5 B3;13;Wt
198,5;[0];[11];[10];83;59;991;50; B5 B3;13;Wt
198,625;[0, 2];[11, 1];[10, 0];85;59;992;50; C#6 B3;13;Wt
198,75;[0, 6];[5, 11];[4, 10];89;59;993;50; F6 B3;13;Wt
198,875;[0, 2];[9, 11];[8, 10];93;59;994;50; A6 B3;13;Wt
199;[0];[11];[10];95;59;995;50; B6 B3;13;Wt
199,125;[0, 2];[9, 11];[8, 10];93;59;996;50; A6 B3;13;Wt
199,25;[0, 6];[5, 11];[4, 10];89;59;997;50; F6 B3;13;Wt
199,375;[0, 2];[11, 1];[10, 0];85;59;998;50; C#6 B3;13;Wt
199,5;[0];[11];[10];83;59;999;50; B5 B3;13;Wt
199,625;[0, 2];[9, 11];[8, 10];81;59;1000;50; A5 B3;13;Wt
199,75;[0, 6];[5, 11];[4, 10];77;59;1001;50; F5 B3;13;Wt
199,875;[0, 2];[11, 1];[10, 0];73;59;1002;50; C#5 B3;13;Wt
200;[0];[11];[10];71;59;1003;50; B4 B3;13;Wt
200,125;[0, 2];[9, 11];[8, 10];81;59;1004;50; A5 B3;13;Wt
200,25;[0, 6];[5, 11];[4, 10];77;59;1005;50; F5 B3;13;Wt
200,375;[0, 2];[11, 1];[10, 0];73;59;1006;50; C#5 B3;13;Wt
200,5;[0];[11];[10];71;59;1007;50; B4 B3;13;Wt
200,625;[0, 2];[9, 11];[8, 10];69;59;1008;50; A4 B3;13;Wt
200,75;[0, 6];[5, 11];[4, 10];65;59;1009;50; F4 B3;13;Wt
200,875;[0, 2];[11, 1];[10, 0];61;59;1010;50; C#4 B3;13;Wt
201;[0];[11];[10];59;59;1011;51; B3;13;Wt
201,25;[0, 2];[11, 1];[10, 0];61;59;1012;51; C#4 B3;13;Wt
201,5;[0, 6];[5, 11];[4, 10];65;59;1013;51; F4 B3;13;Wt
201,75;[0, 2];[9, 11];[8, 10];69;59;1014;51; A4 B3;13;Wt
202;[0];[11];[10];71;59;1015;51; B4 B3;13;Wt
202,25;[0, 2];[11, 1];[10, 0];73;59;1016;51; C#5 B3;13;Wt
202,5;[0, 6];[5, 11];[4, 10];89;59;1017;51; F6 F5 B3;13;Wt
202,75;[0, 4, 6];[5, 9, 11];[4, 8, 10];89;59;1018;51; F6 A5 B3;13;Wt
203;[0, 4];[7, 11];[6, 10];91;59;1019;51; G6 B5 B3;13;Wt
203,25;[0, 2, 4];[7, 9, 11];[6, 8, 10];91;59;1020;51; G6 A5 B3;13;Wt
203,5;[0, 2, 6];[5, 7, 11];[4, 6, 10];91;59;1021;51; G6 F5 B3;13;Wt
203,75;[0, 4, 6];[7, 11, 1];[6, 10, 0];91;59;1022;51; G6 C#5 B3;13;Wt
204;[0, 2, 6, 8];[5, 7, 11, 1];[4, 6, 10, 0];91;59;1023;51; C#6 F6 G6 B4 B3;13;Wt
204,25;[0, 2, 4, 6, 8];[5, 7, 9, 11, 1];[4, 6, 8, 10, 0];91;59;1024;51; G6 C#6 F6 A4 B3;13;Wt
204,5;[0, 2, 6];[11, 1, 5];[10, 0, 4];95;59;1025;51; B6 C#6 F6 F4 B3;13;Wt
204,75;[0, 2, 6];[11, 1, 5];[10, 0, 4];95;59;1026;51; B6 C#6 F6 C#4 B3;13;Wt
205;[0, 2];[9, 11];[8, 10];93;59;1027;52; A6 B3;13;Wt
205,25;[0, 2, 4];[9, 11, 1];[8, 10, 0];93;59;1028;52; A6 C#4 B3;13;Wt
205,5;[0, 4, 6];[5, 9, 11];[4, 8, 10];93;59;1029;52; A6 F4 B3;13;Wt
205,75;[0, 2, 4];[7, 9, 11];[6, 8, 10];91;59;1030;52; G6 A4 B3;13;Wt
206;[0, 6];[5, 11];[4, 10];89;59;1031;52; F6 B4 B3;13;Wt
206,25;[0, 2, 6];[11, 1, 5];[10, 0, 4];89;59;1032;52; F6 C#5 B3;13;Wt
206,5;[0, 6];[5, 11];[4, 10];89;59;1033;52; F6 F5 B3;13;Wt
206,75;[0, 4, 6];[5, 9, 11];[4, 8, 10];89;59;1034;52; F6 A5 B3;13;Wt
207;[0, 6];[5, 11];[4, 10];89;59;1035;52; F6 B5 B3;13;Wt
207,25;[0, 4, 6];[5, 9, 11];[4, 8, 10];89;59;1036;52; F6 A5 B3;13;Wt
207,5;[0, 6];[5, 11];[4, 10];89;59;1037;52; F6 F5 B3;13;Wt
207,75;[0, 2, 6];[11, 1, 5];[10, 0, 4];89;59;1038;52; F6 C#5 B3;13;Wt
208;[0, 2];[11, 1];[10, 0];85;59;1039;52; C#6 B4 B3;13;Wt
208,25;[0, 2, 4];[9, 11, 1];[8, 10, 0];85;59;1040;52; C#6 A4 B3;13;Wt
208,5;[0, 2, 6];[11, 1, 5];[10, 0, 4];85;59;1041;52; C#6 F4 B3;13;Wt
208,75;[0, 2];[11, 1];[10, 0];85;59;1042;52; C#6 C#4 B3;13;Wt
209;[0, 5];[6, 11];[5, 10];90;59;1043;53; F#6 B3;13;Wt
209,125;[0, 3];[3, 6];[2, 5];90;63;1044;53; F#6 E-4;13;Wt
209,25;[0];[6];[5];90;90;1045;53; F#6;13;Wt
209,375;[0];[6];[5];90;66;1046;53; F#6 F#4;13;Wt
209,5;[0, 3];[6, 9];[5, 8];90;69;1047;53; F#6 A4;13;Wt
209,625;[0, 5];[1, 6];[0, 5];90;73;1048;53; F#6 C#5;13;Wt
209,75;[0];[6];[5];90;90;1049;53; F#6;13;Wt
209,875;[0, 3];[3, 6];[2, 5];90;75;1050;53; F#6 E-5;13;Wt
210;[0];[6];[5];90;78;1051;53; F#5 F#6;13;Wt
210,125;[0, 3];[6, 9];[5, 8];90;81;1052;53; A5 F#6;13;Wt
210,25;[0];[6];[5];90;90;1053;53; F#6;13;Wt
210,375;[0, 5];[1, 6];[0, 5];90;85;1054;53; C#6 F#6;13;Wt
210,5;[0, 3];[3, 6];[2, 5];90;87;1055;53; E-6 F#6;13;Wt
210,625;[0];[6];[5];90;90;1056;53; F#6;13;Wt
210,875;[0];[9];[8];93;93;1057;53; A6;13;Wt
211;[0];[1];[0];97;97;1058;53; C#7;13;Wt
211,125;[0];[9];[8];93;93;1059;53; A6;13;Wt
211,375;[0];[6];[5];90;90;1060;53; F#6;13;Wt
211,5;[0];[3];[2];87;87;1061;53; E-6;13;Wt
211,625;[0];[1];[0];85;85;1062;53; C#6;13;Wt
211,875;[0];[9];[8];81;81;1063;53; A5;13;Wt
212;[0];[6];[5];78;78;1064;53; F#5;13;Wt
212,125;[0];[3];[2];75;75;1065;53; E-5;13;Wt
212,375;[0];[1];[0];73;73;1066;53; C#5;13;Wt
212,5;[0];[9];[8];69;69;1067;53; A4;13;Wt
212,625;[0];[6];[5];66;66;1068;53; F#4;13;Wt
212,875;[0];[3];[2];63;63;1069;53; E-4;13;Wt
213;[0];[11];[10];59;59;1070;54; B3;13;Wt
213,125;[0];[3];[2];63;63;1071;54; E-4;13;Wt
213,375;[0];[6];[5];66;66;1072;54; F#4;13;Wt
213,5;[0];[9];[8];69;69;1073;54; A4;13;Wt
213,625;[0];[1];[0];73;73;1074;54; C#5;13;Wt
213,875;[0];[3];[2];75;75;1075;54; E-5;13;Wt
214;[0];[6];[5];78;78;1076;54; F#5;13;Wt
214,125;[0];[9];[8];81;81;1077;54; A5;13;Wt
214,375;[0];[1];[0];85;85;1078;54; C#6;13;Wt
214,5;[0];[3];[2];87;87;1079;54; E-6;13;Wt
214,625;[0];[6];[5];90;90;1080;54; F#6;13;Wt
214,875;[0];[9];[8];93;93;1081;54; A6;13;Wt
215;[0];[1];[0];97;97;1082;54; C#7;13;Wt
215,125;[0];[9];[8];93;93;1083;54; A6;13;Wt
215,375;[0];[6];[5];90;90;1084;54; F#6;13;Wt
215,5;[0];[3];[2];87;87;1085;54; E-6;13;Wt
215,625;[0];[1];[0];85;85;1086;54; C#6;13;Wt
215,875;[0];[9];[8];81;81;1087;54; A5;13;Wt
216;[0];[6];[5];78;78;1088;54; F#5;13;Wt
216,125;[0];[3];[2];75;75;1089;54; E-5;13;Wt
216,375;[0];[1];[0];73;73;1090;54; C#5;13;Wt
216,5;[0];[9];[8];69;69;1091;54; A4;13;Wt
216,625;[0];[6];[5];66;66;1092;54; F#4;13;Wt
216,875;[0];[3];[2];63;63;1093;54; E-4;13;Wt
217;[0];[9];[8];57;57;1094;55; A3;13;Wt
217,25;[0, 3];[9, 0];[8, 11];60;57;1095;55; C4 A3;13;Wt
217,5;[0, 5];[9, 2];[8, 1];62;57;1096;55; D4 A3;13;Wt
217,75;[0, 3];[6, 9];[5, 8];66;57;1097;55; F#4 A3;13;Wt
218;[0];[9];[8];69;57;1098;55; A4 A3;13;Wt
218,25;[0, 3];[9, 0];[8, 11];72;57;1099;55; C5 A3;13;Wt
218,5;[0, 5];[9, 2];[8, 1];74;57;1100;55; D5 A3;13;Wt
218,75;[0, 3];[6, 9];[5, 8];78;57;1101;55; F#5 A3;13;Wt
219;[0];[9];[8];81;57;1102;55; A5 A3;13;Wt
219,25;[0, 3];[6, 9];[5, 8];78;57;1103;55; F#5 A3;13;Wt
219,5;[0, 5];[9, 2];[8, 1];74;57;1104;55; D5 A3;13;Wt
219,75;[0, 3, 6];[6, 9, 0];[5, 8, 11];90;57;1105;55; F#6 F#5 C5 A3;13;Wt
220;[0, 1, 4, 6];[8, 9, 0, 2];[7, 8, 11, 1];92;57;1106;55; G#5 G#6 C6 D6 A4 A3;13;Wt
220,25;[0, 2, 3, 6, 8];[6, 8, 9, 0, 2];[5, 7, 8, 11, 1];92;57;1107;55; G#5 G#6 C6 D6 F#4 A3;13;Wt
220,5;[0, 1, 4, 6];[8, 9, 0, 2];[7, 8, 11, 1];92;57;1108;55; G#5 G#6 C6 D6 D4 A3;13;Wt
220,75;[0, 2, 3, 5];[9, 11, 0, 2];[8, 10, 11, 1];95;57;1109;55; B5 B6 C6 D6 C4 A3;13;Wt
221;[0, 1, 4, 7];[8, 9, 0, 3];[7, 8, 11, 2];93;56;1110;56; E-6 A5 A6 C6 G#3;14;T
221,25;[0, 1, 4, 7];[8, 9, 0, 3];[7, 8, 11, 2];93;56;1111;56; E-6 A5 A6 C6 C4 G#3;14;T
221,5;[0, 1, 4, 7];[8, 9, 0, 3];[7, 8, 11, 2];93;56;1112;56; E-6 A5 A6 C6 E-4 G#3;14;T
221,75;[0, 3, 6, 8];[0, 3, 6, 8];[11, 2, 5, 7];92;56;1113;56; G#6 G#5 E-6 C6 F#4 G#3;14;T
222;[0, 3, 6, 8, 9];[0, 3, 6, 8, 9];[11, 2, 5, 7, 8];90;56;1114;56; F#5 F#6 E-6 C6 A4 G#3;14;T
222,25;[0, 3, 6, 8];[0, 3, 6, 8];[11, 2, 5, 7];90;56;1115;56; E-6 F#5 F#6 C6 C5 G#3;14;T
222,5;[0, 3, 6, 8];[0, 3, 6, 8];[11, 2, 5, 7];90;56;1116;56; E-6 F#5 F#6 C6 E-5 G#3;14;T
222,75;[0, 3, 6, 8];[0, 3, 6, 8];[11, 2, 5, 7];90;56;1117;56; E-6 F#5 F#6 C6 G#3;14;T
223;[0, 3, 6, 8, 9];[0, 3, 6, 8, 9];[11, 2, 5, 7, 8];90;56;1118;56; E-6 F#5 F#6 C6 A5 G#3;14;T
223,25;[0, 3, 6, 8];[0, 3, 6, 8];[11, 2, 5, 7];90;56;1119;56; E-6 F#5 F#6 C6 G#3;14;T
223,5;[0, 3, 6, 8];[0, 3, 6, 8];[11, 2, 5, 7];90;56;1120;56; E-6 F#5 F#6 C6 E-5 G#3;14;T
223,75;[0, 3, 6, 8];[0, 3, 6, 8];[11, 2, 5, 7];90;56;1121;56; E-6 F#5 F#6 C6 C5 G#3;14;T
224;[0, 1, 4, 7];[8, 9, 0, 3];[7, 8, 11, 2];87;56;1122;56; E-6 E-5 C6 A4 G#3;14;T
224,25;[0, 3, 6, 8];[0, 3, 6, 8];[11, 2, 5, 7];87;56;1123;56; E-6 E-5 C6 F#4 G#3;14;T
224,5;[0, 4, 7];[8, 0, 3];[7, 11, 2];87;56;1124;56; E-6 E-5 C6 E-4 G#3;14;T
224,75;[0, 4, 7];[8, 0, 3];[7, 11, 2];87;56;1125;56; E-6 E-5 C6 C4 G#3;14;T
225;[0, 4, 7];[3, 7, 10];[2, 6, 9];91;27;1126;57; G5 B-5 E-6 G6 E-2 E-1;14;T
225,125;[0, 4, 7];[3, 7, 10];[2, 6, 9];91;27;1127;57; G5 B-5 E-6 G6 B-2 E-1;14;T
225,25;[0, 4, 7];[3, 7, 10];[2, 6, 9];91;27;1128;57; G5 B-5 E-6 G6 E-1;14;T
225,375;[0, 4, 7];[3, 7, 10];[2, 6, 9];91;27;1129;57; G5 B-5 E-6 G6 E-3 E-1;14;T
225,5;[0, 4, 7];[3, 7, 10];[2, 6, 9];91;27;1130;57; G3 G5 B-5 E-6 G6 B-2 E-1;14;T
225,625;[0, 4, 7];[3, 7, 10];[2, 6, 9];91;27;1131;57; B-3 G5 B-5 E-6 G6 E-3 E-1;14;T
225,75;[0, 4, 7];[3, 7, 10];[2, 6, 9];91;27;1132;57; G5 B-5 E-6 G6 E-1;14;T
225,875;[0, 4, 7];[3, 7, 10];[2, 6, 9];91;27;1133;57; E-4 G5 B-5 E-6 G6 G3 E-1;14;T
226;[0, 4, 7];[3, 7, 10];[2, 6, 9];91;27;1134;57; G4 G5 B-5 E-6 G6 B-3 E-1;14;T
226,125;[0, 4, 7];[3, 7, 10];[2, 6, 9];91;27;1135;57; B-4 G5 B-5 E-6 G6 E-4 E-1;14;T
226,25;[0, 4, 7];[3, 7, 10];[2, 6, 9];91;27;1136;57; G5 B-5 E-6 G6 E-1;14;T
226,375;[0, 4, 7];[3, 7, 10];[2, 6, 9];91;27;1137;57; E-5 G5 B-5 E-6 G6 G4 E-1;14;T
226,5;[0, 4, 7];[3, 7, 10];[2, 6, 9];91;27;1138;57; G5 B-5 E-6 G6 B-4 E-1;14;T
226,625;[0, 4];[3, 7];[2, 6];91;27;1139;57; E-6 G6 E-5 E-1;14;T
226,75;[0, 4];[3, 7];[2, 6];91;27;1140;57; E-6 G6 E-1;14;T
226,875;[0, 4];[3, 7];[2, 6];91;27;1141;57; E-6 G6 G5 E-1;14;T
227;[0, 4, 7];[3, 7, 10];[2, 6, 9];91;27;1142;57; G6 B-5 E-1;14;T
227,125;[0, 4];[3, 7];[2, 6];87;27;1143;57; E-6 G5 E-1;14;T
227,25;[0];[3];[2];27;27;1144;57; E-1;14;T
227,375;[0, 5];[10, 3];[9, 2];82;27;1145;57; B-5 E-5 E-1;14;T
227,5;[0, 4, 7];[3, 7, 10];[2, 6, 9];79;27;1146;57; G5 B-4 E-1;14;T
227,625;[0, 4];[3, 7];[2, 6];75;27;1147;57; E-5 G4 E-1;14;T
227,75;[0];[3];[2];27;27;1148;57; E-1;14;T
227,875;[0, 5];[10, 3];[9, 2];70;27;1149;57; B-4 E-4 E-1;14;T
228;[0, 4, 7];[3, 7, 10];[2, 6, 9];67;27;1150;57; G4 B-3 E-1;14;T
228,125;[0, 4];[3, 7];[2, 6];63;27;1151;57; E-4 G3 E-1;14;T
228,25;[0];[3];[2];27;27;1152;57; E-1;14;T
228,375;[0, 5];[10, 3];[9, 2];58;27;1153;57; B-3 E-3 E-1;14;T
228,5;[0, 4, 7];[3, 7, 10];[2, 6, 9];55;27;1154;57; G3 B-2 E-1;14;T
228,625;[0, 4];[3, 7];[2, 6];55;27;1155;57; G3 G2 E-1;14;T
228,75;[0, 4];[3, 7];[2, 6];55;27;1156;57; G3 E-1;14;T
228,875;[0, 4];[3, 7];[2, 6];55;27;1157;57; G3 E-2 E-1;14;T
229;[0];[3];[2];27;27;1158;58; E-1;14;T
229,25;[0];[3];[2];39;27;1159;58; E-2 E-1;14;T
229,5;[0, 5];[10, 3];[9, 2];46;27;1160;58; B-2 E-1;14;T
229,625;[0, 4, 7];[3, 7, 10];[2, 6, 9];82;27;1161;58; B-4 E-5 G5 B-5 E-1 B-2;14;T
229,75;[0, 4, 7];[3, 7, 10];[2, 6, 9];82;27;1162;58; B-4 E-5 G5 B-5 E-3 E-1;14;T
230;[0, 4, 7];[3, 7, 10];[2, 6, 9];82;27;1163;58; B-4 E-5 G5 B-5 G3 E-1;14;T
230,25;[0, 5];[10, 3];[9, 2];58;27;1164;58; B-3 E-1;14;T
230,375;[0, 2, 5];[10, 0, 3];[9, 11, 2];84;27;1165;58; C5 C6 E-1 B-3;14;T
230,5;[0, 3];[0, 3];[11, 2];84;27;1166;58; C5 C6 E-4 E-1;14;T
230,75;[0, 3, 7];[0, 3, 7];[11, 2, 6];84;27;1167;58; C5 C6 G4 E-1;14;T
231;[0, 4, 7];[3, 7, 10];[2, 6, 9];87;27;1168;58; E-5 G5 B-5 E-6 B-4 E-1;14;T
231,25;[0, 4, 7];[3, 7, 10];[2, 6, 9];87;27;1169;58; E-5 G5 B-5 E-6 G4 E-1;14;T
231,5;[0, 4, 7];[3, 7, 10];[2, 6, 9];87;27;1170;58; E-5 G5 B-5 E-6 E-4 E-1;14;T
231,625;[0, 2];[1, 3];[0, 2];85;27;1171;58; C#5 C#6 E-4 E-1;14;T
231,75;[0, 3, 5];[10, 1, 3];[9, 0, 2];85;27;1172;58; C#5 C#6 B-3 E-1;14;T
232;[0, 2, 6];[1, 3, 7];[0, 2, 6];85;27;1173;58; C#5 C#6 G3 E-1;14;T
232,25;[0];[3];[2];51;27;1174;58; E-3 E-1;14;T
232,375;[0, 3];[0, 3];[11, 2];84;27;1175;58; C5 C6 E-1 E-3;14;T
232,5;[0, 2, 5];[10, 0, 3];[9, 11, 2];84;27;1176;58; C5 C6 B-2 E-1;14;T
232,75;[0, 3];[0, 3];[11, 2];84;27;1177;58; C5 C6 E-2 E-1;14;T
233;[0, 3, 6, 8, 9];[7, 10, 1, 3, 4];[6, 9, 0, 2, 3];82;27;1178;59; C#5 E5 G5 B-4 B-5 E-1;14;T
233,25;[0, 3, 6, 8, 9];[7, 10, 1, 3, 4];[6, 9, 0, 2, 3];82;27;1179;59; C#5 E5 G5 B-4 B-5 E-2 E-1;14;T
233,5;[0, 3, 6, 8, 9];[7, 10, 1, 3, 4];[6, 9, 0, 2, 3];82;27;1180;59; C#5 E5 G5 B-4 B-5 B-2 E-1;14;T
233,75;[0, 3, 6, 8, 9];[7, 10, 1, 3, 4];[6, 9, 0, 2, 3];82;27;1181;59; C#5 E5 G5 B-4 B-5 C#3 E-1;14;T
234;[0, 1, 3, 4, 7];[0, 1, 3, 4, 7];[11, 0, 2, 3, 6];84;27;1182;59; C5 C6 C#5 E5 G5 E3 E-1;14;T
234,125;[0, 1, 3, 4, 7];[0, 1, 3, 4, 7];[11, 0, 2, 3, 6];84;27;1183;59; C#5 E5 G5 C5 C6 G3 E-1;14;T
234,25;[0, 1, 3, 4, 7];[0, 1, 3, 4, 7];[11, 0, 2, 3, 6];84;27;1184;59; C#5 E5 G5 C5 C6 E-1;14;T
234,375;[0, 3, 5, 6, 8, 9];[7, 10, 0, 1, 3, 4];[6, 9, 11, 0, 2, 3];84;27;1185;59; C#5 E5 G5 C5 C6 B-3 E-1;14;T
234,5;[0, 1, 3, 4, 7];[0, 1, 3, 4, 7];[11, 0, 2, 3, 6];84;27;1186;59; C#5 E5 G5 C5 C6 C#4 E-1;14;T
234,625;[0, 1, 3, 4, 7];[0, 1, 3, 4, 7];[11, 0, 2, 3, 6];84;27;1187;59; C#5 E5 G5 C5 C6 E4 E-1;14;T
234,75;[0, 1, 3, 4, 7];[0, 1, 3, 4, 7];[11, 0, 2, 3, 6];84;27;1188;59; C#5 E5 G5 C5 C6 E-1;14;T
234,875;[0, 1, 3, 4, 7];[0, 1, 3, 4, 7];[11, 0, 2, 3, 6];84;27;1189;59; C#5 E5 G5 C5 C6 G4 E-1;14;T
235;[0, 1, 3, 6, 9];[2, 3, 5, 8, 11];[1, 2, 4, 7, 10];77;27;1190;59; B4 D5 F4 F5 G#4 E-1;14;T
235,25;[0, 3, 4, 6];[11, 2, 3, 5];[10, 1, 2, 4];77;27;1191;59; B4 D5 F4 F5 D4 E-1;14;T
235,5;[0, 3, 4, 6];[11, 2, 3, 5];[10, 1, 2, 4];77;27;1192;59; B4 D5 F4 F5 B3 E-1;14;T
235,75;[0, 1, 3, 6, 9];[2, 3, 5, 8, 11];[1, 2, 4, 7, 10];77;27;1193;59; B4 D5 F4 F5 G#3 E-1;14;T
236;[0, 1, 4, 7, 8];[7, 8, 11, 2, 3];[6, 7, 10, 1, 2];79;27;1194;59; G4 G5 B4 D5 G#3 E-1;14;T
236,375;[0, 4, 7, 8];[7, 11, 2, 3];[6, 10, 1, 2];79;27;1195;59; B4 D5 G4 G5 D3 E-1;14;T
236,625;[0, 4, 7, 8];[7, 11, 2, 3];[6, 10, 1, 2];79;27;1196;59; B4 D5 G4 G5 B2 E-1 D3;14;T
236,75;[0, 4, 7, 8];[7, 11, 2, 3];[6, 10, 1, 2];79;27;1197;59; B4 D5 G4 G5 E-1 B2;14;T
237;[0, 2, 4, 6, 9];[1, 3, 5, 7, 10];[0, 2, 4, 6, 9];70;27;1198;60; F4 G4 B-4 B-3 C#4 E-1;14;T
237,375;[0, 2, 4, 6, 9];[1, 3, 5, 7, 10];[0, 2, 4, 6, 9];70;27;1199;60; F4 G4 B-4 B-3 C#4 E-2 E-1;14;T
237,625;[0, 2, 4, 6, 9];[1, 3, 5, 7, 10];[0, 2, 4, 6, 9];70;27;1200;60; F4 G4 B-4 B-3 C#4 B-2 E-1 E-2;14;T
237,75;[0, 2, 4, 6, 9];[1, 3, 5, 7, 10];[0, 2, 4, 6, 9];70;27;1201;60; F4 G4 B-4 B-3 C#4 E-1 B-2;14;T
238;[0, 2, 3, 5, 7, 9];[10, 0, 1, 3, 5, 7];[9, 11, 0, 2, 4, 6];70;27;1202;60; C4 F4 G4 B-4 C#4 C#3 E-1;14;T
238,25;[0, 2, 3, 5, 7, 9];[10, 0, 1, 3, 5, 7];[9, 11, 0, 2, 4, 6];70;27;1203;60; F4 G4 B-4 C4 C#4 E-1 C#3;14;T
238,375;[0, 2, 3, 5, 7, 9];[10, 0, 1, 3, 5, 7];[9, 11, 0, 2, 4, 6];70;27;1204;60; F4 G4 B-4 C4 C#4 F3 E-1;14;T
238,625;[0, 2, 3, 5, 7, 9];[10, 0, 1, 3, 5, 7];[9, 11, 0, 2, 4, 6];70;27;1205;60; F4 G4 B-4 C4 C#4 G3 E-1 F3;14;T
238,75;[0, 2, 3, 5, 7, 9];[10, 0, 1, 3, 5, 7];[9, 11, 0, 2, 4, 6];70;27;1206;60; F4 G4 B-4 C4 C#4 E-1 G3;14;T
239;[0, 2, 4, 6, 9];[1, 3, 5, 7, 10];[0, 2, 4, 6, 9];70;58;1207;60; E-4 F4 G4 B-4 C#4 B-3;14;T
239,375;[0, 2, 4, 6, 9];[1, 3, 5, 7, 10];[0, 2, 4, 6, 9];70;55;1208;60; F4 G4 B-4 E-4 C#4 G3;14;T
239,625;[0, 2, 5, 8];[5, 7, 10, 1];[4, 6, 9, 0];70;53;1209;60; C#4 F4 G4 B-4 F3 G3;14;T
239,75;[0, 2, 5, 8];[5, 7, 10, 1];[4, 6, 9, 0];70;53;1210;60; F4 G4 B-4 C#4 F3;14;T
240;[0, 2, 5, 8];[5, 7, 10, 1];[4, 6, 9, 0];70;49;1211;60; F4 G4 B-4 C#4 C#3;14;T
240,25;[0, 2, 5, 8];[5, 7, 10, 1];[4, 6, 9, 0];70;49;1212;60; F4 G4 B-4 C#3;14;T
240,375;[0, 2, 5, 7];[5, 7, 10, 0];[4, 6, 9, 11];70;46;1213;60; C4 F4 G4 B-4 B-2;14;T
240,625;[0, 2, 4, 7, 9];[3, 5, 7, 10, 0];[2, 4, 6, 9, 11];70;39;1214;60; F4 G4 B-4 C4 E-2 B-2;14;T
240,75;[0, 2, 4, 7, 9];[3, 5, 7, 10, 0];[2, 4, 6, 9, 11];70;39;1215;60; F4 G4 B-4 C4 E-2;14;T
241;[0, 2, 6];[5, 7, 11];[4, 6, 10];65;31;1216;61; F4 B3 G1;14;T
241,25;[0, 4, 6];[7, 11, 1];[6, 10, 0];61;43;1217;61; C#4 B3 G2;14;T
241,5;[0, 2];[11, 1];[10, 0];61;49;1218;61; C#4 B3 C#3;14;T
241,75;[0, 2, 4];[11, 1, 3];[10, 0, 2];61;51;1219;61; C#4 B3 E-3;14;T
242;[0, 2, 6];[11, 1, 5];[10, 0, 4];61;53;1220;61; C#4 B3 F3;14;T
242,25;[0, 4, 6];[7, 11, 1];[6, 10, 0];61;55;1221;61; C#4 B3 G3;14;T
242,5;[0, 2, 4];[9, 11, 1];[8, 10, 0];61;57;1222;61; C#4 B3 A3;14;T
242,75;[0, 2];[11, 1];[10, 0];61;59;1223;61; C#4 B3;14;T
243;[0, 2];[11, 1];[10, 0];61;59;1224;61; C#4 B3;14;T
243,25;[0, 4];[11, 3];[10, 2];63;59;1225;61; E-4 B3;14;T
243,5;[0, 6];[5, 11];[4, 10];65;59;1226;61; F4 B3;15;A
243,75;[0, 4, 8];[3, 7, 11];[2, 6, 10];67;59;1227;61; G4 B3 E-4;15;A
244;[0, 2];[9, 11];[8, 10];69;59;1228;61; A4 B3;15;A
244,25;[0];[11];[10];71;59;1229;61; B4 B3;15;A
244,5;[0, 2];[11, 1];[10, 0];73;59;1230;61; C#5 B3;15;A
244,75;[0, 2, 4];[11, 1, 3];[10, 0, 2];75;59;1231;61; E-5 B3 C#4;15;A
245;[0, 2, 4, 6, 9];[1, 3, 5, 7, 10];[0, 2, 4, 6, 9];79;39;1232;62; C#5 F5 G5 B-4 E-2;15;A
245,25;[0, 2, 4, 6, 9];[1, 3, 5, 7, 10];[0, 2, 4, 6, 9];79;39;1233;62; C#5 F5 G5 B-4 E-2;15;A
245,375;[0, 2, 4, 6, 9];[1, 3, 5, 7, 10];[0, 2, 4, 6, 9];79;51;1234;62; C#5 F5 G5 B-4 E-3;15;A
245,625;[0, 2, 4, 6, 9];[1, 3, 5, 7, 10];[0, 2, 4, 6, 9];79;51;1235;62; C#5 F5 G5 B-4 B-3 E-3;15;A
245,75;[0, 2, 5, 8];[5, 7, 10, 1];[4, 6, 9, 0];79;58;1236;62; C#5 F5 G5 B-4 B-3;15;A
246;[0, 1, 5, 7];[0, 1, 5, 7];[11, 0, 4, 6];79;61;1237;62; C5 C#5 F5 G5 C#4;15;A
246,25;[0, 1, 5, 7];[0, 1, 5, 7];[11, 0, 4, 6];79;61;1238;62; C#5 F5 G5 C5 C#4;15;A
246,375;[0, 1, 5, 7];[0, 1, 5, 7];[11, 0, 4, 6];79;65;1239;62; C#5 F5 G5 C5 F4;15;A
246,625;[0, 1, 5, 7];[0, 1, 5, 7];[11, 0, 4, 6];79;65;1240;62; C#5 F5 G5 C5 G4 F4;15;A
246,75;[0, 1, 5, 7];[0, 1, 5, 7];[11, 0, 4, 6];79;67;1241;62; C#5 F5 G5 C5 G4;15;A
247;[0, 2, 4, 6, 9];[1, 3, 5, 7, 10];[0, 2, 4, 6, 9];79;70;1242;62; E-5 C#5 F5 G5 B-4;15;A
247,375;[0, 2, 4, 6];[1, 3, 5, 7];[0, 2, 4, 6];79;67;1243;62; C#5 F5 G5 E-5 G4;15;A
247,625;[0, 4, 6];[1, 5, 7];[0, 4, 6];79;65;1244;62; C#5 F5 G5 F4 G4;15;A
247,75;[0, 4, 6];[1, 5, 7];[0, 4, 6];79;65;1245;62; C#5 F5 G5 F4;15;A
248;[0, 4, 6];[1, 5, 7];[0, 4, 6];79;61;1246;62; C#5 F5 G5 C#4;15;A
248,25;[0, 4, 6];[1, 5, 7];[0, 4, 6];79;61;1247;62; F5 G5 C#4;15;A
248,375;[0, 2, 5, 7];[5, 7, 10, 0];[4, 6, 9, 11];79;58;1248;62; C5 F5 G5 B-3;15;A
248,625;[0, 2, 4, 7, 9];[3, 5, 7, 10, 0];[2, 4, 6, 9, 11];79;51;1249;62; C5 F5 G5 E-3 B-3;15;A
248,75;[0, 3, 5, 7];[0, 3, 5, 7];[11, 2, 4, 6];79;51;1250;62; C5 F5 G5 E-3;15;A
249;[0, 3, 6];[5, 8, 11];[4, 7, 10];77;56;1251;63; F5 B4 G#3;15;A
249,25;[0, 3, 5];[8, 11, 1];[7, 10, 0];73;56;1252;63; C#5 B4 C#4 G#3;15;A
249,5;[0, 3, 6, 8];[5, 8, 11, 1];[4, 7, 10, 0];73;56;1253;63; C#5 B4 F4 G#3;15;A
249,75;[0, 3, 5];[8, 11, 1];[7, 10, 0];73;56;1254;63; C#5 B4 G#4 G#3;15;A
250;[0, 3, 5];[8, 11, 1];[7, 10, 0];73;56;1255;63; C#5 B4 G#3;15;A
250,25;[0, 3, 5];[8, 11, 1];[7, 10, 0];73;56;1256;63; C#5 B4 G#3;15;A
250,5;[0, 3, 5, 7];[8, 11, 1, 3];[7, 10, 0, 2];75;56;1257;63; C#5 B4 E-5 G#3;15;A
250,75;[0, 3, 6, 8];[5, 8, 11, 1];[4, 7, 10, 0];77;56;1258;63; C#5 B4 F5 G#3;15;A
251;[0, 3, 5];[8, 11, 1];[7, 10, 0];80;56;1259;63; G#5 C#5 B4 G#3;15;A
251,25;[0, 3, 5];[8, 11, 1];[7, 10, 0];85;56;1260;63; C#6 C#5 B4 G#3;15;A
251,5;[0, 3, 6, 8];[5, 8, 11, 1];[4, 7, 10, 0];89;56;1261;63; F6 C#5 B4 G#3;15;A
251,75;[0, 3, 7];[8, 11, 3];[7, 10, 2];92;56;1262;63; G#6 B4 E-5 G#3;15;A
252;[0, 3];[8, 11];[7, 10];95;56;1263;63; B6 B4 G#3;15;A
252,25;[0, 3, 5];[8, 11, 1];[7, 10, 0];97;56;1264;63; C#7 G#3 B4;15;A
252,5;[0, 3, 7];[8, 11, 3];[7, 10, 2];99;56;1265;63; E-7 B4 G#3;15;A
252,75;[0, 3, 6, 8];[5, 8, 11, 1];[4, 7, 10, 0];101;56;1266;63; F7 B4 C#5 G#3;15;A
253;[0, 4, 6];[1, 5, 7];[0, 4, 6];79;61;1267;64; F5 G5 C#4;15;A
253,25;[0, 4, 6];[1, 5, 7];[0, 4, 6];79;61;1268;64; C#5 G5 F4 C#4;15;A
253,5;[0, 6];[1, 7];[0, 6];79;61;1269;64; C#5 G5 G4 C#4;15;A
253,75;[0, 2, 6];[7, 9, 1];[6, 8, 0];79;61;1270;64; C#5 G5 A4 C#4;15;A
254;[0, 4, 6];[7, 11, 1];[6, 10, 0];79;61;1271;64; C#5 G5 B4 C#4;15;A
254,25;[0, 6];[1, 7];[0, 6];79;61;1272;64; C#5 G5 C#4;15;A
254,5;[0, 2, 6];[1, 3, 7];[0, 2, 6];79;61;1273;64; C#5 G5 E-5 C#4;15;A
254,75;[0, 4, 6];[1, 5, 7];[0, 4, 6];79;61;1274;64; C#5 G5 F5 C#4;15;A
255;[0, 2, 6];[7, 9, 1];[6, 8, 0];81;61;1275;64; A5 C#5 G5 C#4;15;A
255,25;[0, 4, 6];[7, 11, 1];[6, 10, 0];83;61;1276;64; B5 C#5 G5 C#4;15;A
255,5;[0, 6];[1, 7];[0, 6];85;61;1277;64; C#6 C#5 G5 C#4;15;A
255,75;[0, 2, 6];[1, 3, 7];[0, 2, 6];87;61;1278;64; E-6 G5 E-5 C#4;15;A
256;[0, 2, 6, 8];[5, 7, 11, 1];[4, 6, 10, 0];89;61;1279;64; F6 G5 B4 C#4;15;A
256,25;[0, 4, 6];[7, 11, 1];[6, 10, 0];91;61;1280;64; G6 G5 C#4 B4;15;A
256,5;[0, 2, 4, 6];[7, 9, 11, 1];[6, 8, 10, 0];93;61;1281;64; A6 G5 C#4 B4;15;A
256,75;[0, 4, 6];[7, 11, 1];[6, 10, 0];95;61;1282;64; B6 G5 C#5 C#4;15;A
257;[0];[1];[0];61;61;1283;65; C#4;15;A
257,25;[0, 4];[1, 5];[0, 4];65;61;1284;65; F4 C#4;15;A
257,5;[0, 6];[1, 7];[0, 6];67;61;1285;65; G4 C#4;15;A
257,75;[0, 4];[9, 1];[8, 0];69;61;1286;65; A4 C#4;15;A
258;[0, 2];[11, 1];[10, 0];71;61;1287;65; B4 C#4;15;A
258,25;[0];[1];[0];73;61;1288;65; C#5 C#4;15;A
258,5;[0, 2];[1, 3];[0, 2];75;61;1289;65; E-5 C#4;15;A
258,75;[0, 4];[1, 5];[0, 4];77;61;1290;65; F5 C#4;15;A
259;[0];[1];[0];61;61;1291;65; C#4;15;A
259,25;[0, 4];[1, 5];[0, 4];65;61;1292;65; F4 C#4;15;A
259,5;[0, 6];[1, 7];[0, 6];67;61;1293;65; G4 C#4;15;A
259,75;[0, 4];[9, 1];[8, 0];69;61;1294;65; A4 C#4;15;A
260;[0, 2];[11, 1];[10, 0];71;61;1295;65; B4 C#4;15;A
260,25;[0];[1];[0];73;61;1296;65; C#5 C#4;15;A
260,5;[0, 2];[1, 3];[0, 2];75;61;1297;65; E-5 C#4;15;A
260,75;[0, 4];[1, 5];[0, 4];77;61;1298;65; F5 C#4;15;A
261;[0, 1, 5];[8, 9, 1];[7, 8, 0];80;68;1299;66; G#5 C#5 A4 G#4;15;A
262;[0, 3, 7];[6, 9, 1];[5, 8, 0];78;66;1300;66; F#5 C#5 F#4 A4;15;A
262,5;[0, 3, 7];[6, 9, 1];[5, 8, 0];85;66;1301;66; C#5 C#6 F#5 A4 F#4;15;A
263;[0, 3, 7];[2, 5, 9];[1, 4, 8];86;65;1302;66; A5 D5 F5 D6 F4 A4;15;A
264;[0, 3, 7];[2, 5, 9];[1, 4, 8];86;62;1303;66; A5 D5 F5 D6 D4 F4 A4;15;A
264,5;[0, 3, 7];[2, 5, 9];[1, 4, 8];89;62;1304;66; F5 F6 A5 F4 A4 D4;15;A
265;[0, 1, 5, 8];[8, 9, 1, 4];[7, 8, 0, 3];88;33;1305;67; G#5 C#6 E6 A1;15;A
265,125;[0, 1, 5, 8];[8, 9, 1, 4];[7, 8, 0, 3];88;33;1306;67; G#5 C#6 E6 E2 A1;15;A
265,25;[0, 3, 6, 8];[3, 6, 9, 11];[2, 5, 8, 10];87;33;1307;67; F#5 B5 E-6 A2 A1;15;A
265,375;[0, 2, 4, 6, 9];[9, 11, 1, 3, 6];[8, 10, 0, 2, 5];87;33;1308;67; F#5 B5 E-6 C#3 A1;15;A
265,5;[0, 4, 7];[9, 1, 4];[8, 0, 3];85;33;1309;67; E5 A5 C#6 E3 A1;15;A
265,625;[0, 4, 7];[9, 1, 4];[8, 0, 3];85;33;1310;67; E5 A5 C#6 A3 A1;15;A
265,75;[0, 4, 7];[9, 1, 4];[8, 0, 3];85;33;1311;67; E5 A5 C#6 C#4 A1;15;A
265,875;[0, 4, 7];[9, 1, 4];[8, 0, 3];85;33;1312;67; E5 A5 C#6 E4 A1;15;A
266;[0, 4, 7];[9, 1, 4];[8, 0, 3];85;33;1313;67; E5 A5 C#6 A1;15;A
266,5;[0, 1, 5, 8];[8, 9, 1, 4];[7, 8, 0, 3];76;33;1314;67; G#4 C#5 E5 A1;15;A
267;[0, 1, 5, 8];[8, 9, 1, 4];[7, 8, 0, 3];76;33;1315;67; G#4 C#5 E5 E3 A1;15;A
267,625;[0, 1, 3, 6, 8];[3, 4, 6, 9, 11];[2, 3, 5, 8, 10];75;33;1316;67; F#4 B4 E-5 A1 E3;15;A
268;[0, 3, 6, 8];[3, 6, 9, 11];[2, 5, 8, 10];75;33;1317;67; F#4 B4 E-5 A2 A1;15;A
268,25;[0];[9];[8];45;33;1318;67; A1 A2;15;A
268,375;[0, 4, 7];[9, 1, 4];[8, 0, 3];73;33;1319;67; E4 A4 C#5 A1 A2;15;A
269;[0, 3, 7];[0, 3, 7];[11, 2, 6];91;24;1320;68; G5 C6 E-6 G6 C1;15;A
269,125;[0, 3, 7];[0, 3, 7];[11, 2, 6];91;36;1321;68; G5 C6 E-6 G6 C2;15;A
269,25;[0, 3, 7];[0, 3, 7];[11, 2, 6];91;43;1322;68; G5 C6 E-6 G6 G2;15;A
269,375;[0, 3, 7];[0, 3, 7];[11, 2, 6];91;48;1323;68; G5 C6 E-6 G6 E-3 C3;15;A
269,5;[0, 3, 7];[0, 3, 7];[11, 2, 6];91;55;1324;68; G3 G5 C6 E-6 G6;15;A
269,625;[0, 3, 7];[0, 3, 7];[11, 2, 6];91;60;1325;68; C4 G5 C6 E-6 G6;15;A
269,75;[0, 3, 7];[0, 3, 7];[11, 2, 6];91;63;1326;68; E-4 G5 C6 E-6 G6;15;A
269,875;[0, 3, 7];[0, 3, 7];[11, 2, 6];91;67;1327;68; G4 G5 C6 E-6 G6;15;A
270;[0, 3, 7];[0, 3, 7];[11, 2, 6];91;72;1328;68; C5 G5 C6 E-6 G6;15;A
270,125;[0, 3, 7];[0, 3, 7];[11, 2, 6];91;75;1329;68; E-5 G5 C6 E-6 G6;15;A
270,25;[0, 3, 7];[0, 3, 7];[11, 2, 6];91;79;1330;68; G5 C6 E-6 G6;15;A
270,375;[0, 3, 7];[0, 3, 7];[11, 2, 6];91;84;1331;68; E-6 C6 G6;15;A
270,5;[0];[7];[6];91;91;1332;68; G6;15;A
270,625;[0];[0];[11];96;96;1333;68; C7;15;A
270,75;[0];[3];[2];99;99;1334;68; E-7;15;A
270,875;[0];[7];[6];103;103;1335;68; G7;15;A
271;[0, 5];[7, 0];[6, 11];55;48;1336;68; C3 G3;15;A
273;[0, 1, 5, 8];[8, 9, 1, 4];[7, 8, 0, 3];88;33;1337;69; G#5 C#6 E6 A1;15;A
273,125;[0, 1, 5, 8];[8, 9, 1, 4];[7, 8, 0, 3];88;33;1338;69; G#5 C#6 E6 E2 A1;15;A
273,25;[0, 3, 6, 8];[3, 6, 9, 11];[2, 5, 8, 10];87;33;1339;69; F#5 B5 E-6 A2 A1;15;A
273,375;[0, 2, 4, 6, 9];[9, 11, 1, 3, 6];[8, 10, 0, 2, 5];87;33;1340;69; F#5 B5 E-6 C#3 A1;15;A
273,5;[0, 4, 7];[9, 1, 4];[8, 0, 3];85;33;1341;69; E5 A5 C#6 E3 A1;15;A
273,625;[0, 4, 7];[9, 1, 4];[8, 0, 3];85;33;1342;69; E5 A5 C#6 A3 A1;15;A
273,75;[0, 4, 7];[9, 1, 4];[8, 0, 3];85;33;1343;69; E5 A5 C#6 C#4 A1;15;A
273,875;[0, 4, 7];[9, 1, 4];[8, 0, 3];85;33;1344;69; E5 A5 C#6 E4 A1;15;A
274;[0, 4, 7];[9, 1, 4];[8, 0, 3];85;33;1345;69; E5 A5 C#6 A1;15;A
274,5;[0, 1, 5, 8];[8, 9, 1, 4];[7, 8, 0, 3];76;33;1346;69; G#4 C#5 E5 A1;15;A
275;[0, 1, 5, 8];[8, 9, 1, 4];[7, 8, 0, 3];76;33;1347;69; G#4 C#5 E5 E3 A1;15;A
275,625;[0, 1, 3, 6, 8];[3, 4, 6, 9, 11];[2, 3, 5, 8, 10];75;33;1348;69; F#4 B4 E-5 A1 E3;15;A
276;[0, 3, 6, 8];[3, 6, 9, 11];[2, 5, 8, 10];75;33;1349;69; F#4 B4 E-5 A2 A1;15;A
276,25;[0];[9];[8];45;33;1350;69; A1 A2;15;A
276,375;[0, 4, 7];[9, 1, 4];[8, 0, 3];73;33;1351;69; E4 A4 C#5 A1 A2;15;A
277;[0, 3, 5, 7];[3, 6, 8, 10];[2, 5, 7, 9];94;32;1352;70; E-6 F#6 B-6 B-5 G#1;15;A
277,125;[0, 3, 5, 7];[3, 6, 8, 10];[2, 5, 7, 9];94;32;1353;70; E-6 F#6 B-6 B-5 G#2 G#1;15;A
277,25;[0, 3, 5, 7];[3, 6, 8, 10];[2, 5, 7, 9];94;32;1354;70; E-6 F#6 B-6 B-5 E-3 G#1;15;A
277,375;[0, 3, 5, 7];[3, 6, 8, 10];[2, 5, 7, 9];94;32;1355;70; E-6 F#6 B-6 B-5 F#3 G#1;15;A
277,5;[0, 3, 5, 7];[3, 6, 8, 10];[2, 5, 7, 9];94;32;1356;70; E-6 F#6 B-6 B-5 B-3 G#1;15;A
277,625;[0, 3, 5, 7];[3, 6, 8, 10];[2, 5, 7, 9];94;32;1357;70; E-6 F#6 B-6 B-5 E-4 G#1;15;A
277,75;[0, 3, 5, 7];[3, 6, 8, 10];[2, 5, 7, 9];94;32;1358;70; E-6 F#6 B-6 B-5 F#4 G#1;15;A
277,875;[0, 3, 5, 7];[3, 6, 8, 10];[2, 5, 7, 9];94;32;1359;70; E-6 F#6 B-6 B-5 B-4 G#1;15;A
278;[0, 2, 4, 5, 7, 9];[1, 3, 5, 6, 8, 10];[0, 2, 4, 5, 7, 9];94;32;1360;70; F5 B-5 C#6 E-6 F#6 B-6 G#1;15;A
278,25;[0, 2, 4, 6, 9];[6, 8, 10, 0, 3];[5, 7, 9, 11, 2];94;32;1361;70; E-5 G#5 C6 E-6 F#6 B-6 G#1;15;A
278,5;[0, 2, 4, 7, 9];[6, 8, 10, 1, 3];[5, 7, 9, 0, 2];94;32;1362;70; C#5 F#5 B-5 E-6 F#6 B-6 G#1;15;A
279;[0, 2, 4, 7, 9];[6, 8, 10, 1, 3];[5, 7, 9, 0, 2];94;32;1363;70; E-6 F#6 B-6 C#5 F#5 B-5 E-3 G#1;15;A
279,5;[0, 2, 4, 7, 9];[6, 8, 10, 1, 3];[5, 7, 9, 0, 2];94;32;1364;70; C#4 F#4 B-4 E-6 F#6 B-6 G#1 E-3;15;A
280;[0, 2, 3, 5, 7, 9];[3, 5, 6, 8, 10, 0];[2, 4, 5, 7, 9, 11];94;32;1365;70; C4 F4 G#4 E-6 F#6 B-6 G#2 G#1;15;A
280,5;[0, 3, 5, 7];[3, 6, 8, 10];[2, 5, 7, 9];94;32;1366;70; B-3 E-4 F#4 E-6 F#6 B-6 G#1 G#2;15;A
281;[0, 3, 7];[3, 6, 10];[2, 5, 9];66;58;1367;71; B-3 E-4 F#4;15;A
281,5;[0, 4, 7];[6, 10, 1];[5, 9, 0];70;61;1368;71; C#4 F#4 B-4;15;A
282;[0, 3, 7];[5, 8, 0];[4, 7, 11];68;60;1369;71; C4 F4 G#4;15;A
282,5;[0, 3, 7];[3, 6, 10];[2, 5, 9];66;58;1370;71; B-3 E-4 F#4;15;A
283,625;[0, 4, 7];[6, 10, 1];[5, 9, 0];70;61;1371;71; C#4 F#4 B-4;15;A
284,375;[0, 3, 7];[5, 8, 0];[4, 7, 11];68;60;1372;71; C4 F4 G#4;15;A
285;[0, 3, 5, 8];[10, 1, 3, 6];[9, 0, 2, 5];73;58;1373;72; B-4 C#5 B-3 E-4 F#4;15;A
285,625;[0, 2, 3, 5, 7, 9];[3, 5, 6, 8, 10, 0];[2, 4, 5, 7, 9, 11];80;58;1374;72; C5 F5 G#5 B-3 E-4 F#4;15;A
286,25;[0, 3, 7];[3, 6, 10];[2, 5, 9];66;58;1375;72; B-3 E-4 F#4;15;A
286,375;[0, 3, 5, 8];[10, 1, 3, 6];[9, 0, 2, 5];75;58;1376;72; B-4 C#5 E-5 B-3 E-4 F#4;15;A
287;[0, 2, 4, 7, 9];[6, 8, 10, 1, 3];[5, 7, 9, 0, 2];92;58;1377;72; B-4 C#5 E-5 G#5 G#6 B-3 E-4 F#4;15;A
289;[0, 3, 5, 7, 8];[10, 1, 3, 5, 6];[9, 0, 2, 4, 5];89;58;1378;73; B-4 C#5 E-5 F5 F6 B-3 E-4 F#4;15;A
291;[0, 3, 5, 8];[10, 1, 3, 6];[9, 0, 2, 5];87;58;1379;73; B-4 C#5 E-5 E-6 B-3 E-4 F#4;15;A
293;[0, 2, 4, 7];[1, 3, 5, 8];[0, 2, 4, 7];75;61;1380;74; E-5 G#4 C#4 F4;15;A
293,375;[0, 1, 3, 5, 8];[0, 1, 3, 5, 8];[11, 0, 2, 4, 7];75;60;1381;74; E-5 G#4 C4 C#4 F4;15;A
293,625;[0, 2, 3, 7];[10, 0, 1, 5];[9, 11, 0, 4];82;58;1382;74; C#5 F5 B-5 B-3 C#4 F4 C4;15;A
293,75;[0, 3, 7];[10, 1, 5];[9, 0, 4];82;58;1383;74; C#5 F5 B-5 C#4 F4 B-3;15;A
294,25;[0, 3, 7];[10, 1, 5];[9, 0, 4];65;58;1384;74; C#4 F4 B-3;15;A
294,375;[0, 2, 3, 5, 7];[10, 0, 1, 3, 5];[9, 11, 0, 2, 4];77;58;1385;74; C5 E-5 F5 C#4 F4 B-3;15;A
295;[0, 2, 4, 7];[1, 3, 5, 8];[0, 2, 4, 7];87;73;1386;74; E-6 G#5 C#5 F5;15;A
295,375;[0, 1, 3, 5, 8];[0, 1, 3, 5, 8];[11, 0, 2, 4, 7];87;72;1387;74; E-6 G#5 C5 C#5 F5;15;A
295,625;[0, 2, 3, 7];[10, 0, 1, 5];[9, 11, 0, 4];94;70;1388;74; C#6 F6 B-6 B-4 C#5 F5 C5;15;A
295,75;[0, 3, 7];[10, 1, 5];[9, 0, 4];94;70;1389;74; C#6 F6 B-6 C#5 F5 B-4;15;A
296,25;[0, 3, 7];[10, 1, 5];[9, 0, 4];77;70;1390;74; C#5 F5 B-4;15;A
296,375;[0, 2, 3, 5, 7];[10, 0, 1, 3, 5];[9, 11, 0, 2, 4];89;70;1391;74; C6 E-6 F6 C#5 F5 B-4;15;A
297;[0, 3, 7];[10, 1, 5];[9, 0, 4];89;70;1392;75; B-5 C#6 F6 C#5 F5 B-4;15;A
298;[0, 3, 7];[10, 1, 5];[9, 0, 4];85;77;1393;75; F5 B-5 C#6;15;A
299;[0, 3, 7];[10, 1, 5];[9, 0, 4];82;73;1394;75; C#5 F5 B-5;15;A
300;[0, 3, 7];[10, 1, 5];[9, 0, 4];77;70;1395;75; B-4 C#5 F5;15;A
301;[0, 2, 4, 7];[6, 8, 10, 1];[5, 7, 9, 0];61;44;1396;76; F#3 B-3 C#4 G#2;15;A
301,625;[0, 3, 7];[5, 8, 0];[4, 7, 11];68;44;1397;76; C4 F4 G#4 G#2;15;A
302;[0, 1, 5, 8];[0, 1, 5, 8];[11, 0, 4, 7];68;37;1398;76; C4 F4 G#4 C#2 G#2;15;A
302,25;[0, 5];[8, 1];[7, 0];44;37;1399;76; G#2 C#2;15;A
302,375;[0, 2, 5, 7];[8, 10, 1, 3];[7, 9, 0, 2];63;37;1400;76; B-3 C#4 E-4 G#2 C#2;15;A
303;[0, 2, 5, 7];[8, 10, 1, 3];[7, 9, 0, 2];80;37;1401;76; B-3 C#4 E-4 G#4 G#5 C#2;15;A
305;[0, 3, 5, 7];[10, 1, 3, 5];[9, 0, 2, 4];77;37;1402;77; B-3 C#4 E-4 F4 F5 C#2;15;A
307;[0, 3, 5];[10, 1, 3];[9, 0, 2];75;37;1403;77; B-3 C#4 E-4 E-5 C#2;15;A
309;[0, 2, 4, 7];[1, 3, 5, 8];[0, 2, 4, 7];63;37;1404;78; F3 G#3 E-4 C#2 G#2;15;A
309,625;[0, 3, 5, 8];[5, 8, 10, 1];[4, 7, 9, 0];70;37;1405;78; C#4 F4 B-4 C#2 G#2;15;A
309,75;[0, 3, 5, 8];[5, 8, 10, 1];[4, 7, 9, 0];70;37;1406;78; C#4 F4 B-4 C#2 G#2;15;A
310,25;[0, 5];[8, 1];[7, 0];44;37;1407;78; C#2 G#2;15;A
310,375;[0, 1, 3, 5, 8];[0, 1, 3, 5, 8];[11, 0, 2, 4, 7];65;37;1408;78; C4 E-4 F4 C#2 G#2;15;A
311;[0, 2, 4, 7, 9];[1, 3, 5, 8, 10];[0, 2, 4, 7, 9];75;37;1409;78; F4 G#4 E-5 B-3 C#4 C#2 G#2;15;A
311,625;[0, 3, 5, 8];[5, 8, 10, 1];[4, 7, 9, 0];82;37;1410;78; C#5 F5 B-5 C#2 G#2 B-3 C#4 F4;15;A
311,75;[0, 3, 5, 8];[5, 8, 10, 1];[4, 7, 9, 0];82;37;1411;78; C#5 F5 B-5 C#2 G#2 B-3 C#4 F4;15;A
312,25;[0, 3, 5, 8];[5, 8, 10, 1];[4, 7, 9, 0];65;37;1412;78; C#2 G#2 B-3 C#4 F4;15;A
312,375;[0, 2, 4, 5, 7, 9];[8, 10, 0, 1, 3, 5];[7, 9, 11, 0, 2, 4];77;37;1413;78; C5 E-5 F5 C#2 G#2 B-3 C#4 F4;15;A
313;[0, 2, 4, 7, 9];[1, 3, 5, 8, 10];[0, 2, 4, 7, 9];87;70;1414;79; G#5 E-6 B-4 C#5 F5;15;A
313,625;[0, 3, 7];[10, 1, 5];[9, 0, 4];94;70;1415;79; C#6 F6 B-6 B-4 C#5 F5;15;A
313,75;[0, 3, 7];[10, 1, 5];[9, 0, 4];94;70;1416;79; C#6 F6 B-6 B-4 C#5 F5;15;A
314,25;[0, 3, 7];[10, 1, 5];[9, 0, 4];77;70;1417;79; B-4 C#5 F5;15;A
314,375;[0, 2, 3, 5, 7];[10, 0, 1, 3, 5];[9, 11, 0, 2, 4];89;70;1418;79; C6 E-6 F6 B-4 C#5 F5;15;A
315;[0, 3, 7];[10, 1, 5];[9, 0, 4];89;82;1419;79; B-5 C#6 F6;15;A
315,625;[0, 3, 7];[10, 1, 5];[9, 0, 4];85;65;1420;79; F5 B-5 C#6 F4;15;A
315,75;[0, 3, 7];[10, 1, 5];[9, 0, 4];85;65;1421;79; F5 B-5 C#6 F4;15;A
316;[0, 2, 5, 8];[5, 7, 10, 1];[4, 6, 9, 0];85;67;1422;79; F5 B-5 C#6 G4;15;A
316,25;[0];[7];[6];67;67;1423;79; G4;15;A
316,375;[0, 3, 7];[10, 1, 5];[9, 0, 4];82;70;1424;79; C#5 F5 B-5 B-4;15;A
316,5;[0, 1, 4, 8];[9, 10, 1, 5];[8, 9, 0, 4];82;69;1425;79; C#5 F5 B-5 A4 B-4;15;A
316,625;[0, 1, 4, 8];[9, 10, 1, 5];[8, 9, 0, 4];82;69;1426;79; C#5 F5 B-5 A4;15;A
316,75;[0, 2, 5, 8];[5, 7, 10, 1];[4, 6, 9, 0];82;67;1427;79; C#5 F5 B-5 G4;15;A
317;[0];[5];[4];65;65;1428;80; F4;15;A
317,25;[0, 4];[1, 5];[0, 4];65;61;1429;80; C#4 F4;15;A
319,75;[0, 2];[3, 5];[2, 4];65;63;1430;80; E-4 F4;15;A
320;[0, 6];[5, 11];[4, 10];65;59;1431;80; B3 F4;15;A
320,75;[0, 4];[1, 5];[0, 4];65;61;1432;80; C#4 F4;15;A
321;[0];[5];[4];65;65;1433;81; F4;15;A
321,25;[0];[1];[0];61;61;1434;81; C#4;15;A
323,75;[0];[3];[2];63;63;1435;81; E-4;15;A
324;[0];[11];[10];59;59;1436;81; B3;15;A
324,75;[0];[1];[0];61;61;1437;81; C#4;15;A
325;[0, 4];[9, 1];[8, 0];61;33;1438;82; A3 C#4 A2 C#3 A1 C#2;15;A
327;[0, 1, 5];[8, 9, 1];[7, 8, 0];80;33;1439;82; G#5 C#4 A3 G#4 A2 C#3 A1 C#2;15;A
327,125;[0, 1, 5];[8, 9, 1];[7, 8, 0];92;33;1440;82; G#6 C#4 A3 G#5 A2 C#3 A1 C#2 G#4;15;A
329;[0, 4, 8];[1, 5, 9];[0, 4, 8];77;33;1441;83; F5 C#4 A3 F4 A2 C#3 A1 C#2;15;A
329,125;[0, 4, 8];[1, 5, 9];[0, 4, 8];89;33;1442;83; F6 C#4 A3 F5 A2 C#3 A1 C#2 F4;15;A
331;[0, 4, 6];[9, 1, 3];[8, 0, 2];75;33;1443;83; E-5 C#4 A3 E-4 A2 C#3 A1 C#2;15;A
331,125;[0, 4, 6];[9, 1, 3];[8, 0, 2];87;33;1444;83; E-6 C#4 A3 E-5 A2 C#3 A1 C#2 E-4;15;A
333;[0, 3, 5, 8];[10, 1, 3, 6];[9, 0, 2, 5];63;30;1445;84; B-3 E-4 F#2 E-3 F#1 C#2;15;A
334,375;[0, 3, 5, 8];[10, 1, 3, 6];[9, 0, 2, 5];82;30;1446;84; B-4 B-5 B-3 E-4 F#2 E-3 F#1 C#2;15;A
335,625;[0, 3, 5, 7, 8];[10, 1, 3, 5, 6];[9, 0, 2, 4, 5];82;30;1447;84; F4 F5 B-3 E-4 B-4 B-5 F3 F#2 E-3 F#1 C#2;15;A
335,75;[0, 3, 5, 7, 8];[10, 1, 3, 5, 6];[9, 0, 2, 4, 5];77;30;1448;84; B-3 E-4 F4 F5 F#2 E-3 F#1 C#2 F3;15;A
341;[0];[9];[8];33;33;1449;86; A1;15;A
341,125;[0, 4];[9, 1];[8, 0];45;33;1450;86; C#2 A2 A1;15;A
341,25;[0, 4];[9, 1];[8, 0];49;33;1451;86; C#3 A1 C#2 A2;15;A
341,375;[0, 4];[9, 1];[8, 0];61;33;1452;86; A3 C#4 A1 C#2 A2 C#3;16;Dt
343;[0, 1, 5];[8, 9, 1];[7, 8, 0];80;33;1453;86; G#5 A3 C#4 G#4 A1 C#2 A2 C#3;16;Dt
343,125;[0, 1, 5];[8, 9, 1];[7, 8, 0];92;33;1454;86; G#6 A3 C#4 G#5 A1 C#2 A2 C#3 G#4;16;Dt
345;[0, 4, 8];[1, 5, 9];[0, 4, 8];77;33;1455;87; F5 A3 C#4 F4 A1 C#2 A2 C#3;16;Dt
345,125;[0, 4, 8];[1, 5, 9];[0, 4, 8];89;33;1456;87; F6 A3 C#4 F5 A1 C#2 A2 C#3 F4;16;Dt
347;[0, 4, 6];[9, 1, 3];[8, 0, 2];75;33;1457;87; E-5 A3 C#4 E-4 A1 C#2 A2 C#3;16;Dt
347,125;[0, 4, 6];[9, 1, 3];[8, 0, 2];87;33;1458;87; E-6 A3 C#4 E-5 A1 C#2 A2 C#3 E-4;16;Dt
349;[0, 3, 5, 8];[10, 1, 3, 6];[9, 0, 2, 5];63;30;1459;88; E-4 F#2 E-3 F#1 C#2 B-3;16;Dt
350,375;[0, 3, 5, 8];[10, 1, 3, 6];[9, 0, 2, 5];82;30;1460;88; B-5 B-4 E-4 B-3 F#2 E-3 F#1 C#2;16;Dt
351,625;[0, 3, 5, 7, 8];[10, 1, 3, 5, 6];[9, 0, 2, 4, 5];82;30;1461;88; F4 F5 E-4 B-5 B-4 F3 F#2 E-3 F#1 C#2 B-3;16;Dt
351,75;[0, 2, 4, 5];[1, 3, 5, 6];[0, 2, 4, 5];77;30;1462;88; E-4 F4 F5 F#2 E-3 F#1 C#2 F3;16;Dt
353;[0, 2, 5, 7];[8, 10, 1, 3];[7, 9, 0, 2];61;27;1463;89; C#4 C#3 G#3 E-1 B-1 E-2;16;Dt
354,375;[0, 2, 5, 7];[8, 10, 1, 3];[7, 9, 0, 2];94;27;1464;89; B-6 B-5 C#4 B-4 C#3 G#3 E-1 B-1 E-2;16;Dt
355,625;[0, 2, 4, 7, 9];[1, 3, 5, 8, 10];[0, 2, 4, 7, 9];94;27;1465;89; F5 F6 C#4 B-6 B-5 F4 C#3 G#3 E-1 B-1 E-2 B-4;16;Dt
355,75;[0, 2, 4, 7, 9];[1, 3, 5, 8, 10];[0, 2, 4, 7, 9];89;27;1466;89; C#4 F5 F6 C#3 G#3 E-1 B-1 E-2 F4;16;Dt
357;[0, 3, 5, 8];[10, 1, 3, 6];[9, 0, 2, 5];63;30;1467;90; E-4 F#2 E-3 F#1 C#2 B-3;16;Dt
358,375;[0, 3, 5, 8];[10, 1, 3, 6];[9, 0, 2, 5];82;30;1468;90; B-5 B-4 E-4 B-3 F#2 E-3 F#1 C#2;16;Dt
359,625;[0, 3, 5, 7, 8];[10, 1, 3, 5, 6];[9, 0, 2, 4, 5];82;30;1469;90; F4 F5 E-4 B-5 B-4 F3 F#2 E-3 F#1 C#2 B-3;16;Dt
359,75;[0, 2, 4, 5];[1, 3, 5, 6];[0, 2, 4, 5];77;30;1470;90; E-4 F4 F5 F#2 E-3 F#1 C#2 F3;16;Dt
361;[0, 2, 5, 7];[8, 10, 1, 3];[7, 9, 0, 2];61;27;1471;91; C#4 C#3 G#3 E-1 B-1 E-2;16;Dt
362,375;[0, 2, 5, 7];[8, 10, 1, 3];[7, 9, 0, 2];94;27;1472;91; B-6 B-5 C#4 B-4 C#3 G#3 E-1 B-1 E-2;16;Dt
363,625;[0, 2, 4, 7, 9];[1, 3, 5, 8, 10];[0, 2, 4, 7, 9];94;27;1473;91; F5 F6 C#4 B-6 B-5 F4 C#3 G#3 E-1 B-1 E-2 B-4;16;Dt
363,75;[0, 2, 4, 7, 9];[1, 3, 5, 8, 10];[0, 2, 4, 7, 9];89;27;1474;91; C#4 F5 F6 C#3 G#3 E-1 B-1 E-2 F4;16;Dt
365;[0, 2, 7];[1, 3, 8];[0, 2, 7];63;25;1475;92; E-4 E-3 G#3 C#1 G#1 C#2;16;Dt
366;[0, 2, 5, 7];[8, 10, 1, 3];[7, 9, 0, 2];94;25;1476;92; B-6 B-4 B-5 E-4 E-3 G#3 C#1 G#1 C#2;16;Dt
373;[0];[8];[7];56;56;1477;94; G#3;16;Dt
373,125;[0, 3];[5, 8];[4, 7];68;53;1478;94; F3 G#4 G#3;16;Dt
373,25;[0, 3];[5, 8];[4, 7];68;53;1479;94; F4 F3 G#3 G#4;16;Dt
374;[0, 4, 7];[1, 5, 8];[0, 4, 7];92;25;1480;94; G#5 G#6 F3 F4 C#1 G#3 G#4;16;Dt
377;[0, 5];[8, 1];[7, 0];92;25;1481;95; G#5 G#6 C#1;16;Dt